il_adi;belediye_ismi;belediye_tel;belediye_faks;belediye_mail;belediye_web;nufus
adana;seyhan;3224328939;3224334970;basin@seyhanbel.tr;www.seyhan.bel.tr;771947
adana;y�re�ir;3223212846;3223213602;bilgi@yuregir.bel.tr;www.yuregir.bel.tr;421455
adana;alada�;3225912018;3225912006;aladag.belediyesi@mynet.com;;17221
adana;ceyhan;3226134020;3226134026;info@ceyhan.bel.tr;www.ceyhan.bel.tr;159243
adana;feke;3227412022;3227412154;fekebelediyesi@hotmail.com;www.fekebel.tr;18534
adana;imamo�lu;3228921717;3228921717;imamoglubelediyesi@mynet.com;www.imamoglu.bel.tr;29748
adana;karaisal�;3225513280;3225513287;info@karaisali.bel.tr;www.karaisali.bel.tr;22230
adana;karata�;3226813045;3226813045;info@karatasbelediyesi.com;;21862
adana;kozan;3225158400;3225158413;kozan@kozan.bel.tr;www.kozan.bel.tr;128153
adana;pozant�;3225813027;3225813507;belediye@pozanti.bel.tr;www.pozanti.bel.tr;20954
adana;saimbeyli;3227613300;3227612112;saimbeylibelediyesi@hotmail.com;www.saimbeyli.bel.tr;16572
adana;tufanbeyli;3227818391;3227818391;tufanbeyli@tufanbeyli.bel.tr;www.tufanbeyli.bel.tr;18234
adana;yumurtal�k;3226712017;3226712113;yumurtalikbelediyesi@mynet.com;www.yumurtalik.tr;18463
adana;sar��am;3223414109;3223410808;info@saricam.bel.tr;www.saricam.bel.tr;138139
adana;�ukurova;3222396464;3222480801;bilgi@cukrova.bel.tr;www.cukurova.bel.tr;346505
ad�yaman;besni;4163181009;4163181221;;www.besni.bel.tr;28213
ad�yaman;�elikhan;4164512011;4164512011;celikhan02@gmail.com;www.celikhan.bel.tr;8406
ad�yaman;gerger;4164312127;4164312223;;www.gerger.bel.tr;3187
ad�yaman;g�lba��;4167816100;4167816197;baskan@golbasi.bel.tr;www.golbasi.bel.tr;28652
ad�yaman;kahta;5324215437;4167257898;kahta@kahta.bel.tr;www.kahta.bel.tr;68367
ad�yaman;samsat;4164112025;4164112024;info@samsatbelediyesi.com@@;www.samsatbelediyesi.com;4268
ad�yaman;sincik;4164212008;4164212007;;www.sincik.bel.tr;4157
ad�yaman;tut;4164412002;4164412541;;www.tut.bel.tr;3718
afyonkarahisar;ba�mak��;2724112047;2724112003;basmakci_belediyesi@hotmail.com;www.basmakci.bel.tr;5559
afyonkarahisar;bayat;2724912003;2724912417;bayat1907@gmail.com;bayat.bel.tr;4397
afyonkarahisar;bolvadin;2726125234;2726124829;basinburosu@gmail.com;www.bolvadin.bel.tr;31691
afyonkarahisar;�ay;2726312951;2726312954;caybel@hotmail.com;www.cay.bel.tr;14624
afyonkarahisar;�obanlar;2722612004;2722612051;cobanlarbelediyesi@ttmail.com;www.cobanlar.bel.tr;9129
afyonkarahisar;dazk�r�;2724213082;2724213305;dazkiri@dazkiri.bel.tr;www.dazkiri.bel.tr;4988
afyonkarahisar;dinar;2723536014;2723536622;acarlaras@superonline.com;www.dinar.bel.tr;25300
afyonkarahisar;emirda�;2724427801;2724412018;info@emirdag.bel.tr;www.emirdag.bel.tr;19132
afyonkarahisar;evciler;2724312061;2724312151;evcilerbld@hotmail.com;www.afyonevciler.bel.tr;3804
afyonkarahisar;hocalar;2725512002;2725512466;hocalarbelediyesi03@hotmail.com;www.hocalar.bel.tr;2293
afyonkarahisar;ihsaniye;2722715010;2722715207;belediye@afyonihsaniye.bel.tr;www.afyonihsaniye.bel.tr;3911
afyonkarahisar;iscehisar;2723412022;2723413096;bilgi@iscehisar.bel.tr;;12112
afyonkarahisar;k�z�l�ren;2725717655;2725717057;;;1673
afyonkarahisar;sand�kl�;2725125005;2725126112;haber@sandikli.bel.tr;www.sandikli.bel.tr;31951
afyonkarahisar;sinanpa�a;2723117748;2723117138;;www.sinanpasa.bel.tr;3876
afyonkarahisar;sultanda��;2726561290;2726561016;sultandagibelediyesi@gmail.com;;5897
afyonkarahisar;�uhut;2727182001;2727181059;info@suhut.bel.tr;www.suhut.bel.tr;12841
a�r�;diyadin;5334706369;4725112009;diyadin.belediyesi@mynet.com;www.diyadin.bel.tr;20591
a�r�;do�ubayaz�t;4723126399;4723126399;bilgi@dogubayazit.bel.tr;www.dogubayazit.bel.tr;73737
a�r�;ele�kirt;4727112084;4727114026;;www.eleskirt.bel.tr;10868
a�r�;hamur;4724512021;4724512015;;www.hamurbelediyesi.com;3136
a�r�;patnos;4726161128;4726161562;baskan@patnos.bel.tr;ww.patnos.bel.tr.;62385
a�r�;ta�l��ay;4725512181;4725512208;taslicaybld@hotmail.com;www.taslicay.bel.tr;6519
a�r�;tutak;4724112003;4724112176;tutakbelediyesi@gmail.com;tutak.bel.tr;7270
aksaray;a�a��ren;3823312007;3823312005;belediyeagacoren@hotmail.com;;2989
aksaray;eskil;3824114005;3824114735;eskil.bel@hotmail.com;www.eskil.bel.tr;17033
aksaray;g�la�a�;3824312075;3824312072;gulagacbelediye@mynet.com;www.gulagac.bel.tr;4517
aksaray;g�zelyurt;3824512019;3824512036;guzelyurt@guzelyurt-belediyesi.com;www.guzelyurt-belediyesi.com;2647
aksaray;ortak�y;3823518843;3823513859;belediye@ortakoy68.bel.tr;www.ortakoy68.bel.tr;18539
aksaray;sar�yah�i;3823112002;3823112004;info@sariyahsi.bel.tr;www.sariyahsi.bel.tr;4038
amasya;g�yn�cek;3586152211;3586152081;goynucek@goynucek.bel.tr;www.goynucek.bel.tr;2794
amasya;g�m��hac�k�y;3587171004;3587171353;yazi@gumu�hacikoy.bel.tr;www.gumu�hacikoy.bel.tr;14096
amasya;hamam�z�;3587876002;3587876093;hamamozubelediyesi@mynet.com;www.hamamozu.bel.tr;1530
amasya;merzifon;3585131974;3585131208;bilgiislem@merzifon.bel.tr;www.merzifon.bel.tr;54295
amasya;suluova;3584171056;3584172059;suluova@suluova.bel.tr;www.suluova.bel.tr;37203
amasya;ta�ova;3583121006;3583121406;tasovabel@hotmail.com;;9859
ankara;alt�nda�;3123094010;3123091929;ozelkalem@alt�ndag.bel.tr;www.altindag.bel.tr;359597
ankara;�ankaya;3124588800;3124314468;blbaskan@cankaya.bel.tr - halkils@�ankaya.bel.tr;www.cankaya.bel.tr;914501
ankara;etimesgut;3122443232;3122444646;e-belediye@etimesgut.bel.tr;www.etimesgut.bel.tr;469626
ankara;g�lba��;3124855000;3124855006;info@ankaragolbasi.bel.tr;www.ankaragolbasi.bel.tr;115924
ankara;ke�i�ren;3123610808;3123611005;;www.kecioren.bel.tr;848305
ankara;mamak;3125507373;3125507166;;www.mamak.bel.tr;568396
ankara;sincan;3122693838;3122717360;sincan@sincan.bel.tr;www.sincan.bel.tr;484694
ankara;yenimahalle;3123440231;3123153548;yenimahallebelediyesi@yenimahalle.bel.tr;www.yenimahalle.bel.tr;591462
ankara;akyurt;3128441097;3128441010;baskan@akyurt.bel.tr;www.akyurt.bel.tr;28349
ankara;aya�;3127122600;3127122120;ayasbelediyesi@mynet.com@-@ayasbelediyesi@gmail.com;www.ayas.bel.tr;12997
ankara;bala;3128761008;3128761019;info@bala.bel.tr;www.bala.bel.tr;23138
ankara;beypazar�;3127622510;3127631358;belediye@beypazari-bld.gov.tr;www.beypazari-bld.gov.tr;47234
ankara;�aml�dere;3127531013;3127532488;camlidere_belediyesi@mynet.com;www.camlidere.bel.tr;7181
ankara;�ubuk;3128371750;3128385960;baskanlik@cubuk.bel.tr;www.cubuk.bel.tr;83449
ankara;elmada�;3128630650;3128633660;elmadagbasin@gmail.com;www.elmadag.bel.tr;43873
ankara;evren;3128935001;3128935588;evren_belediyesi@hotmail.com;www.evren.bel.tr;2995
ankara;g�d�l;3127281009;3127281227;gudulbel@hotmail.com;www.gudul.bel.tr;8921
ankara;haymana;3126582427;3126581848;haymana@haymana.bel.tr;www.haymana.bel.tr;42566
ankara;kalecik;3128571515;3128571016;kalecikbel@kalecik.bel.tr;www.kalecik.bel.tr;13678
ankara;kazan;3128145300;3128141012;baskan@kazan.bel.tr;www.kazan.bel.tr;45879
ankara;k�z�lcahamam;3127361030;3127363002;kizilcahamambelediyesi@hotmail.com;www.kizilcahamam.bel.tr;26694
ankara;nall�han;3127851011;3127854560;belediye@nallihan.bel.tr;www.nallihan.bel.tr;29797
ankara;polatl�;3126231043;3126239700;polatl-bld@ttmail.com;www.polatli.bel.tr;117393
ankara;�erefliko�hisar;3126870257;3126870311;sereflikochisar.bld@gmail.com;www.sereflikochisar-bld.gov.tr;34577
ankara;pursaklar;3123286800;3125271877;pursakalrb@ekolay.net;www.pursaklar.bel.tr;123857
antalya;akseki;2426781008;2426781266;aksekibelediyesi@hotmail.com;;13083
antalya;alanya;2425131002;2425102111;baskan@alanya.bel.tr;www.alanya.bel.tr;276277
antalya;elmal�;2426186701;2426181278;elmalibelediyesi@ttmail.com;www.elmali.bel.tr;38563
antalya;finike;2428551102;2428553225;finikebelediyesi@hotmail.com;www.finikebelediyesi.com;46530
antalya;gazipa�a;2425721013;2425721627;info@gazipasa.bel.tr;www.gazipasa.bel.tr;48134
antalya;g�ndo�mu�;2427812011;2427812161;gndbelediye@ttmail.com;;8162
antalya;ibrad�;2426912004;2426912166;info@ibradi.bel.tr;www.ibradi.bel.tr;2865
antalya;demre;2428715051;2428713661;info@demre.bel.tr;;25718
antalya;ka�;2428361020;2428361030;kasbelediyesi@mynet.com;www.kasbelediyesi.bel.tr;55061
antalya;kemer;2428141503;2428141107;info@mu�tafagul.org;www.antalya-kemer.bel.tr;42421
antalya;korkuteli;2426436075;2426433243;www.korkuteli.bel.tr;www.korkuteli.bel.tr;51857
antalya;kumluca;2428872700;2428871098;kumluca@kumluca-bld.gov.tr;www.kumluca-bld.gov.tr;66159
antalya;manavgat;2427461082;2427467575;belediye@manavgat.bel.tr;www.manavgat.bel.tr;208526
antalya;serik;2427221970;2427221968;info@serik.bel.tr;www.serik.bel.tr;113761
antalya;aksu;2424263049;2424263082;info@aksu.bel.tr;;67476
antalya;d��emealt�;2424213053;2424213185;bilgi@dosemealti.bel.tr;www.dosemealti.bel.tr;52013
antalya;kepez;2423105858;2423390185;info@kepez-bld.gov.tr;www.kepez-bld.gov.tr;450734
antalya;konyaalt�;2422455500;2422455549;info@konyaalti.bel.tr;www.konyaalti.bel.tr;137670
antalya;muratpa�a;2423235429;2423237718;info@muratpasa-bld.gov.tr;www.muratpasa-bld.gov.tr;453255
ardahan;��ld�r;4783112800;4783112515;cildirbelediye@mynet.com;www.cildir.bel.tr;2870
ardahan;damal;4786514778;4786514778;damalbelediyesi@hotmail.com;;3210
ardahan;g�le;4784113414;4784112005;golebelediyesi@hotmail.com;www.gole.bel.tr;6094
ardahan;hanak;47861122629;4786112586;hanakbelediyesi75@hotmail.com;www.hanak.bel.tr;3221
ardahan;posof;4785112015;4785112247;posofbelediyesi@hotmail.com;www.posofbelediyesi.com;1962
artvin;ardanu�;4666112179;4666112011;merkezbelediye@hotmail.com;www.ardanuc.bel.tr;6033
artvin;arhavi;4663124006;4663124006;iletisim@arhavi.bel.tr;www.arhavi.bel.tr;14823
artvin;bor�ka;4664151033;4664151371;bilgiislem@borcka.bel.tr;www.borcka.bel.tr;11770
artvin;hopa;4663514020;4663514600;hopabelediyesi@hotmail.com;www.hopa.bel.tr;18487
artvin;murgul;4667113011;4667113986;yaziisleri@murgul.bel.tr;www.murgul.bel.tr;4251
artvin;�av�at;4665171481;4665171026;savsatbelediyesi@hotmail.com;www.savsat.bel.tr;6588
artvin;yusufeli;4668112009;4668112084;yusufeli@yusufeli.bel.tr;www.yusufeli.bel.tr;7172
ayd�n;bozdo�an;2564141008;2564141877;bilgi@bozdogan.bel.tr;www.bozdogan.bel.tr;34930
ayd�n;buharkent;2563913005;2563913151;buharkentbelediyesi@hotmail.com;buharkent.bel.tr;12466
ayd�n;�ine;2567116028;2567116285;cinebelediyesi@gmail.com;www.cine.bel.tr;51020
ayd�n;didim;2568112560;2568112111;info@didim.bel.tr;www.didim.bel.tr;64643
ayd�n;germencik;2565630120;2565631472;germencik_bel@ttnet.net.tr;www.germencik.bel.tr;43209
ayd�n;incirliova;2565851224;2565851225;incirliovabelediyesi@gmail.com;www.incirliova.bel.tr;45343
ayd�n;karacasu;2564412011;2564412314;karacasubelediyesi@hotmail.com;www.karacasu.com.tr;19807
ayd�n;karpuzlu;2567412211;2567412250;bilgi@karpuzlu.bel.tr;www.karpuzlu.bel.tr;11777
ayd�n;ko�arl�;2567614024;2567614032;;kocarli.bel.tr;24266
ayd�n;k��k;2564613010;2564613096;koskbelediyesi_09@hotmail.com;www.kosk.bel.tr;27152
ayd�n;ku�adas�;2566141003;2566141580;info@kusadasi.bel.tr;www.kusadasi.bel.tr;94995
ayd�n;kuyucak;2563714494;2563714495;bilgi@kuyucak.bel.tr;www.kuyucak.bel.tr;27755
ayd�n;nazilli;2563132028;2563134610;info@nazilli.bel.tr;www.nazilli.bel.tr;148531
ayd�n;s�ke;2565181084;2565182093;bilgi@soke.bel.tr;www.soke.bel.tr;115541
ayd�n;sultanhisar;2563513006;2563513290;sultanhisar_belediyesi09470@hotmail.com;;21114
ayd�n;yenipazar;2563613004;2563613127;bilgi@yenipazar.bel.tr;www.yenipazar.bel.tr;13174
ayd�n;efeler;;;;;265234
bal�kesir;ayval�k;2663121021;2663123219;info@ayvalik.bel.tr;www.ayvalik.bel.tr;64462
bal�kesir;balya;2664861001;2664861001;balyabelediyesi@hotmail.com;www.balya.bel.tr;14153
bal�kesir;band�rma;2667111100;2667111144;belediye@bandirma-bld.gov.tr;www.bandirma-bld.gov.tr;143117
bal�kesir;bigadi�;2666141209;2666143313;baskan@bigadic.bel.tr;www.bigadic.bel.tr;48728
bal�kesir;burhaniye;2664126450;2664221006;bilgi@burhaniye.bel.tr;www.burhaniye.bel.tr;52674
bal�kesir;dursunbey;2666621018;2666621928;dursunbeybelediyesi@yahoo.com;www.dursunbey.bel.tr;40572
bal�kesir;edremit;2663734424;2663731094;baskan@edremit.bel.tr;www.edremit.bel.tr;129104
bal�kesir;erdek;2668351050;2668353072;erdek@erdek-bld.gov.tr;www.erdek-bld.gov.tr;33410
bal�kesir;g�me�;2663571053;2663572851;info@gomec.bel.tr;www.gomec.bel.tr;11965
bal�kesir;g�nen;2667623701;2667623337;gonenozelkalem@hotmail.com;www.balikesirgonen.bel.tr;73361
bal�kesir;havran;2664321002;2664321333;havranbelediyesi@gmail.com;www.havran.bel.tr;27952
bal�kesir;ivrindi;2664561004;2664561432;ivrindi@ivrindi.bel.tr;www.ivrindi.bel.tr;34643
bal�kesir;kepsut;2665761008;2665761331;kepsut@kepsut.bel.tr;www.kepsut.bel.tr;24608
bal�kesir;manyas;2668181012;2668182620;manyasbelediyesi@hotmail.com;;21039
bal�kesir;marmara;2668855050;266885028;marbel118@mynet.com;www.marmara.bel.tr;9310
bal�kesir;sava�tepe;2665521008;2665521243;;www.savastepe.bel.tr;19278
bal�kesir;s�nd�rg�;2665161124;2665164800;belediye@sindirgi.bel.tr;www.sindirgi.bel.tr;36402
bal�kesir;susurluk;2668651910;2668651945;susurluk@susurluk.bel.tr;www.susurluk.bel.tr;40174
bal�kesir;alt�eyl�l;;;;;170260
bal�kesir;karesi;;;;;167549
bart�n;amasra;3783151081;3783151986;amasrabelediyesi74@gmail.com;www.amasra.bel.tr;6640
bart�n;kuruca�ile;3785181009;3785181891;bilgi@kurucasile.bel.tr;www.kurucasile.bel.tr;1826
bart�n;ulus;3784161015;3784161492;ulusbelediyesi@mynet.com;;3240
batman;be�iri;4883112202;4883112064;sevkal67@hotmail.com;;8852
batman;gerc��;4883412158;4883412290;seyit-eriman@hotmail.com;www.gercus.bel.tr;4671
batman;hasankeyf;4883812277;4883812249;;;3190
batman;kozluk;4884112177;4884114070;kozlukbelediye@hotmail.com;www.kozluk.bel.tr;22840
batman;sason;4884612029;4884613129;sasonbelediyesi@mynet.com;www.sason.bel.tr;11802
bayburt;ayd�ntepe;4583114232;4583114133;aydintepe@aydintepe.bel.tr;www.aydintepe.bel.tr;2436
bayburt;demir�z�;4584116003;4584116227;dembelediye69@hotmail.com;www.demirozu.bel.tr;2074
bilecik;boz�y�k;2283146700;2283146705;info@bozuyuk.bel.tr;www.bozuyuk.bel.tr;61975
bilecik;g�lpazar�;2284113833;2284113325;belediye@golpazari.bel.tr;www.golpazari.bel.tr;5958
bilecik;inhisar;2283712253;2283712251;inhisar@inhisar.bel.tr;;1066
bilecik;osmaneli;2284614131;2284614018;osmaneli@osmaneli.bel.tr;www.osmaneli.bel.tr;14588
bilecik;pazaryeri;2283812157;2283812616;info@pazaryeri.bel.tr;www.pazaryeri.bel.tr;6818
bilecik;s���t;2283613009;2283613866;sogut@sogut.bel.tr;www.sogut.bel.tr;14216
bilecik;yenipazar;2284312027;2284312221;;;1064
bing�l;adakl�;4266112007;4266112251;;www.adakli.bld.tr;3240
bing�l;gen�;4264113010;4264112583;bilgi@genc.bel.tr;www.genc.bel.tr;18716
bing�l;karl�ova;4265112669;4265113081;kar.bel_12@hotmail.com;www.karliova.bel.tr;6676
bing�l;ki��;4263112005;4263112502;kigibelediyesi@ttnet.tr;www.kigibelediyesi.com;3407
bing�l;solhan;4267112013;4267112072;yaziisleri@hotmail.com;www.solhan.bel.tr;16636
bing�l;yayladere;4263412005;4263412208;yayladerebel@hotmail.com;www.yayladere.bel.tr;1089
bing�l;yedisu;4263717178;4263717007;zekisali@hotmail.com;www.yedisubelediyesi.com;1532
bitlis;adilcevaz;4343113008;4343112680;adilcevazbelediyesi@gmail.com;www.adilcevaz.com;14275
bitlis;ahlat;4344124113;4344124117;baskan@ahlat.bel.tr;www.ahlat.bel.tr;21539
bitlis;g�roymak;4345112401;4345113022;guroymak@guroymak.bel.tr.;www.guroymak.bel.tr;22328
bitlis;hizan;4346112007;4346112610;hizan.bel.tr;www.hizan.bel.tr;11283
bitlis;mutki;4347112009;4347112095;;www.mutki.bel.tr;2380
bitlis;tatvan;4348275200;4348275212;info@tatvan.bel.tr;www.tatvan.bel.tr;65641
bolu;d�rtdivan;3743314159;3743314002;;www.dortdivan.bel.tr;2931
bolu;gerede;3743116700;3743116703;belediye@gerede.bel.tr;www.gerede.bel.tr;24127
bolu;g�yn�k;3744516265;3744512454;info@bolugoynuk.bel.tr;www.bolugoynuk.bel.tr;3841
bolu;k�br�sc�k;3744412394;3744412023;info@kibriscik.bel.tr;www.kibriscik.bel.tr;1253
bolu;mengen;3743561400;3743561201;mengenbelediye@gmail.com;www.mengenbelediyesi.com;5304
bolu;mudurnu;3744213031;3744213447;mudurnubelediyesi@mudurnu.bel.tr;www.mudurnu.bel.tr;5166
bolu;seben;3744113180;3744112096;bilgi@seben.bel.tr;www.seben.bel.tr;2588
bolu;yeni�a�a;3743414506;3743412728;yenicagabelediyesi@hotmail.com;www.yenicaga.bel.tr;4935
burdur;a�lasun;2487312664;2487312642;aglasun_bld@hotmail.com;;4113
burdur;alt�nyayla;2485212002;2485212407;alt_bld@hotmail.com;;3271
burdur;bucak;2483251001;2483253181;info@bucak.bel.tr;www.bucak.bel.tr;42108
burdur;�avd�r;2484271009;2484271402;cavdir@cavdir.bel.tr;www.cavdir.bel.tr;4894
burdur;�eltik�i;2487112006;2487112041;;;2169
burdur;g�lhisar;2484113117;2484113041;info@golhisar.bel.tr;www.golhisar.bel.tr;16515
burdur;karamanl�;2485313004;2485313019;karamanli@karamanli.bel.tr@;www.karamanli.bel.tr;5578
burdur;kemer;2485112002;2485112622;kemerbel@hotmail.com;;1867
burdur;tefenni;2484912015;2484913400;bayramkavak15@hotmail.com;www.tefenni.bel.tr;5049
burdur;ye�ilova;2486181012;2486181063;yesilova_belediyesi15@hotmail.com@;www.yesilova.bel.tr;5726
bursa;nil�fer;2244512150;2242959526;nilufer@nilufer.bel.tr;www.nilufer.bel.tr;358265
bursa;osmangazi;2242707070;2242707073;baskan@osmangazi.bel.tr;www.osmangazi.bel.tr;802620
bursa;y�ld�r�m;2243616616;2243619451;akmasa@yildirim.bel.tr;www.yildirim.bel.tr;637888
bursa;b�y�korhan;2248412142;2248412003;buyukorhanbelediyesi@gmail.com;www.buyukorhan.bel.tr;11913
bursa;gemlik;2245134520;2245134528;gemlikbelediyesi@gmail.com;www.gemlik.bel.tr;101389
bursa;g�rsu;2243715000;2243715014;info@gursu.bel.tr;www.gursu.bel.tr;68872
bursa;harmanc�k;2248812020;2248812415;harmancik@harmancik.bel.tr;www.harmancik.bel.tr;7091
bursa;ineg�l;2247151010;2247151481;belediye@inegol.bel.tr;www.inegol.bel.tr;236168
bursa;iznik;2247571010;2247578191;yazi_isleri@iznik.bel.tr;www.iznik.bel.tr;43287
bursa;karacabey;2246768631;2246768639;bilgi@karacabey.bel.tr;www.karacabey.bel.tr;80527
bursa;keles;2248612052;2248612243;iletisim@keles.bel.tr;www.keles.bel.tr;13639
bursa;kestel;2243721001;2243728182;kestelbel@kestel.bel.tr;www.kestel.bel.tr;51872
bursa;mudanya;2245441650;2245441657;mudanyabelediyesi@gmail.com;www.mudanya.bel.tr;77461
bursa;mu�tafakemalpa�a;2246131058;2246131285;mkpbld@mu�tafakemalpasa.bel.tr;www.mu�tafakemalpasa.bel.tr;99999
bursa;orhaneli;2248171005;2248171377;info@orhaneli.bel.tr;www.orhaneli.bel.tr;22175
bursa;orhangazi;2245733800;2245731717;orhangazi@orhangazi.bel.tr;www.orhangazi.bel.tr;75672
bursa;yeni�ehir;2247730016;2247730029;info@bursa-yenisehir.bel.tr;www.bursa-yenisehir.bel.tr;52132
�anakkale;ayvac�k;2867121011;2867121223;bilgi17@�anakkaleayvacik.bel.tr;www.�anakkaleayvacik.bel.tr;7758
�anakkale;bayrami�;2867731016;2867733113;bilgi@bayramic.bel.tr;www.bayramic.bel.tr;14188
�anakkale;biga;2863164934;2863164939;;www.bigabelediyesi.com;45969
�anakkale;bozcaada;2866978081;2866978081;bozcaadabel@ttmail.com;www.bozcaada.bel.tr;2643
�anakkale;�an;2864166090;2864162366;info@can.bel.tr;www.can.bel.tr;29725
�anakkale;eceabat;2868141242;2868141036;yazi@eceabat.bel.tr;www.eceabat.bel.tr;5541
�anakkale;ezine;2866185235;2866181625;ezinebelediye@ttmail.com;www.ezine.bel.tr;14002
�anakkale;gelibolu;2865669333;2865662825;bilgi@gelibolu.bel.tr;www.gelibolu.bel.tr;27927
�anakkale;g�k�eada;2868873052;2868873019;gokceadabelediyesi@gokceada.bel.tr;www.gokceada.bel.tr;6454
�anakkale;lapseki;2865121044;2865121018;info@lapseki.bel.tr;www.lapseki.bel.tr;11062
�anakkale;yenice;2864743242;2864743495;yenicebld@ttmail.com;www.yenicebelediyesi.bel.tr;7423
�ank�r�;atkaracalar;3767121003;3767121011;atkabele@ttmail.com;www.atkaracalar.bel.tr;2655
�ank�r�;bayram�ren;3767358016;3767358004;bayramorenbld@hotmail.com;www.bayramoren.bel.tr;702
�ank�r�;�erke�;3767661012;3767662825;cerkesbelediye@hotmail.com;www.cerkes.bel.tr;8460
�ank�r�;eldivan;3763112013;3763112178;eldbsk1932@hotmail.com;www.eldivan.bel.tr;3215
�ank�r�;�lgaz;3764161003;3764161571;baskan@ilgaz.bel.tr;;7571
�ank�r�;k�z�l�rmak;3763241094;3763241764;;www.kizilirmak.bel.tr;2127
�ank�r�;korgun;3763431265;3763431263;korgunbld@hotmail.com;;1987
�ank�r�;kur�unlu;3764651317;3764651810;bilgi@kursunlu.bel.tr;www.kursunlu.bel.tr;4601
�ank�r�;orta;3766151006;3766151224;ortabld@hotmail.com;www.orta.bel.tr;3429
�ank�r�;�aban�z�;3765181050;3765181876;sabbeled@hotmail.com;www.sabanozu.bel.tr;8157
�ank�r�;yaprakl�;3763612316;3763612640;belgin.nuroglu@hotmail.com;www.yaprakli.bel.tr;2130
�orum;alaca;3644115791;3644115175;alaca@alaca.bel.tr;www.alaca.bel.tr;20751
�orum;bayat;3643813064;3643813074;bayatbelediyesi@mynet.com;www.�orumbayat.bel.tr;6524
�orum;bo�azkale;3644522830;3644522025;bogazkalebelediyesi@hotmail.com;;1349
�orum;dodurga;3647116002;3647116041;dodurgabelediye@hotmail.com;www.dodurga.bel.tr;2751
�orum;iskilip;3645116062;3645116020;iskilipbel@yahoo.com;www.iskilip.bel.tr;19953
�orum;karg�;3646512893;3646512008;kargibelediyesi@kargi.bel.tr;www.kargi.bel.tr;5296
�orum;la�in;3647455483;3647455166;;www.lacin.bel.tr;1326
�orum;mecit�z�;3644612138;3644612247;;;4834
�orum;o�uzlar;3645617032;3645612150;oguzlarbelediyesi@oguzlar.bel.tr;www.oguzlar.bel.tr;3384
�orum;ortak�y;3644914961;3644914013;�orumortakoybelediyesi19@gmail.com;;2656
�orum;osmanc�k;3646114323;3646119984;baskan@osmancik.bel.tr;www.osmancikbel.tr;27391
�orum;sungurlu;3643118169;3643114514;sungurlubelediyesi@hotmail.com;www.sungurlu-bld.gov.tr;32585
�orum;u�urluda�;3643612020;3643612125;husnukiday@ugurludag.bel.tr.;www.ugurludag.bel.tr.;3625
denizli;pamukkale;2582722280;2582722281;pamukkalebld@hotmail.com;;311496
denizli;ac�payam;2585181222;2585183325;bilgi@acipayam.bel.tr;www.acipayam.bel.tr;55971
denizli;babada�;2584812006;2584812038;babadagbelediyesi@hotmail.com;www.babadag.bel.tr;6707
denizli;baklan;2587812004;2587812260;baklanbelediyesi@hotmail.com;www.baklan.bel.tr;5934
denizli;bekilli;2587912013;2587912087;belediye@bekilli.bel.tr;www.bekilli.bel.tr;7751
denizli;beya�a�;2586916016;2586916012;beyagac_belediyesi@hotmail.com;www.beyagac.bel.tr;7116
denizli;bozkurt;2588315010;2588314390;baskan@bozkurt.bel.tr;www.bozkurt.bel.tr;12279
denizli;buldan;2584313583;2584313008;info@buldan.bel.tr;www.buldan.bel.tr;27558
denizli;�al;2587513005;2587513413;calbelediye@hotmail.com;www.cal.bel.tr;20587
denizli;�ameli;2585715028;2585716268;camelibld@ttmail.com;www.cameli.bel.tr;19315
denizli;�ardak;2588512160;2588512059;info@cardak.bel.tr;www.cardak.bel.tr;9386
denizli;�ivril;2587131008;2587132528;civrilbl@mynet.com;www.civril.bel.tr;60615
denizli;g�ney;2584512010;2584512652;guneybld@ttmail.com;www.guney.bel.tr;10796
denizli;honaz;2588113107;2588113789;honaz@honaz.bel.tr;www.honaz.bel.tr;32324
denizli;kale;2586713121;2586713120;kalebelediyesi@hotmail.com;www.kale.bel.tr;21293
denizli;sarayk�y;2584151007;2584153530;info@saraykoy.bel.tr;www.saraykoy.bel.tr;29650
denizli;serinhisar;2585915180;2585912892;serinhisarbelediyesi@hotmail.com;www.serinhisar.bel.tr;14817
denizli;tavas;2586131020;2586131503;tavasbelediyesi@hotmail.com;www.tavas.bel.tr;47044
denizli;merkezefendi;;;;;262825
diyarbak�r;bismil;4124153616;4124153572;bismil_belediye21@hotmail.com;www.bismil.bel.tr;110956
diyarbak�r;�ermik;4124612001;4124613599;cermik@cermik.bel.tr;www.cermik.bel.tr;50657
diyarbak�r;��nar;4125112178;4125112161;cinarbelediye@mynet.com;www.cinar.bel.tr;68530
diyarbak�r;��ng��;4125412008;4125412031;cungusbelediyesi@ttmail.com;www.cungus.bel.tr;13097
diyarbak�r;dicle;4125612020;4125612162;dicle_belediyesi@hotmail.com;www.dicle.bel.tr;40593
diyarbak�r;e�il;4125812005;4125812206;egilbldbsk@hotmail.com;;23066
diyarbak�r;ergani;4126115021;4126115949;erganibelediyesi@hotmail.com;www.ergani.bel.tr;121072
diyarbak�r;hani;4126512106;4126512106;hanibelediyesi21@hotmail.com;www.hani.bel.tr;32814
diyarbak�r;hazro;4126712002;4126712002;hazrobelediyesi21@hotmail.com;;17220
diyarbak�r;kocak�y;4128112002;4128112181;kocakoybele�diyesi@ttnet.net;;16371
diyarbak�r;kulp;4128312036;4128312399;kulpbelediyesi@hotmail.com.tr;www.kulp.bel.tr;36796
diyarbak�r;lice;4128612259;4128612261;licebelediyesi@ttmail.com;;26715
diyarbak�r;silvan;4127113381;4127115048;;www.silvan.bel.tr;86093
diyarbak�r;ba�lar;4122519300;4122519319;baskana@baglar.bel.tr;www.baglar.bel.tr;357727
diyarbak�r;kayap�nar;4122512425;4122512429;bilgi@diyarbak�rkayapinar.bel.tr;www.diyarbak�rkayapinar.bel.tr;277489
diyarbak�r;sur;4122236062;4122801052;akm@sur.bel.tr;;123311
diyarbak�r;yeni�ehir;4122289650;4122289653;;www.diyarbak�ryenisehir.bel.tr;204930
d�zce;ak�akoca;3806114110;3806113655;belediye@akcakoca.bel.tr;www.akcakoca.bel.tr;23194
d�zce;cumayeri;3807354009;3807354030;info@cumayeri.bel.tr;www.cumayeri.bel.tr;8372
d�zce;�ilimli;3806815004;3806816666;;www.cilimli.bel.tr;6512
d�zce;g�lyaka;3807114241;3807114269;bilgi@d�zcegolyaka.bel.tr;www.d�zcegolyaka.bel.tr;9437
d�zce;g�m��ova;3807312005;3807312174;bilgi@gumu�ova.bel.tr;www.gumu�ova.bel.tr;6529
d�zce;kayna�l�;3805442010;3805442865;kaynasli@kaynasli.bel.tr;www.kaynasli.bel.tr;9573
d�zce;y���lca;3806514007;3806514017;;www.yigilca.bel.tr;3492
edirne;enez;2848116009;2848116151;enezbelediyesi@enez.bel.tr@;www.enez.bel.tr;3793
edirne;havsa;2843361009;2843361501;bldbskhavsa@ttnet.net.tr;www.havsa.bel.tr;8833
edirne;ipsala;2846161011;2846161078;bldbaskan@ipsala.bel.tr;www.ipsala.bel.tr;8385
edirne;ke�an;2847141185;2847140985;bilgiedinme@kesanbel.tr;www.kesan.bel.tr;59510
edirne;lalapa�a;2843214709;2843214107;lalapasa-bld@ttmail.com;www.lalapasa.bel.tr;1654
edirne;meri�;2844151286;2844151083;mericbelediyesi@ttmail.com;;2820
edirne;s�lo�lu;2843113002;2843113421;www.suloglu.bel.tr;www.suloglu.bel.tr;3887
edirne;uzunk�pr�;2845131103;2845131014;uzunkoprubldbsk@hotmail.com;www.uzunkopru.bel.tr;40366
elaz��;a��n;4245512018;4245512117;agin.belediyesi@hotmail.com;www.agin.bel.tr;1804
elaz��;alacakaya;4244816446;4244816428;alacakayabelediyesi23@hotmail.com;www.alacakaya.bel.tr;3106
elaz��;ar�cak;4247712003;4247712025;iletisim@aricak.bel.tr;www.aricak.bel.tr;3342
elaz��;baskil;4245112166;4245112007;;www.baskil.bel.tr;5018
elaz��;karako�an;4247112444;4247115722;karakocan@karakocan.bel.tr;www.karakocan.bel.tr;13255
elaz��;keban;4245712010;4245712400;info@keban.bel.tr;www.keban.bel.tr;4760
elaz��;kovanc�lar;4246113415;4246113414;kovancilarbelediyesi@hotmail.com;www.kovancilar.bel.tr;23193
elaz��;maden;4244412009;4244412139;maden@maden.bel.tr;www.maden.bel.tr;5125
elaz��;palu;4246512004;4246512582;baskan@palu.bel.tr;www.palu.bel.tr;9480
elaz��;sivrice;4244112305;4244112354;;;4238
erzincan;�ay�rl�;4463112022;4463112035;cayirlibel24@hotmail.com;;3441
erzincan;ili�;4467112003;4467112329;ilicbelediyesi_24@hotmail.com;;3308
erzincan;kemah;4465112006;4465112201;h.sanal@kemah.bel.tr;www.kemah.bel.tr;2580
erzincan;kemaliye;4467512016;4467512552;kemaliyebelediyesi@ttmail.com;www.kemaliye.bel.tr;2127
erzincan;otlukbeli;4463612626;4463612049;nazir024@hotmail.com;www.otlukbeli.bel.tr;1555
erzincan;refahiye;4466112016;4466112247;refahiyebld@mynet.com;www.refahiye.bel.tr;4045
erzincan;tercan;4464413013;4464413207;tercanbelediyesi@hotmail.com;www.tercan.bel.tr;5555
erzincan;�z�ml�;4464113438;4464112970;uzumlubelediyesi@gmail.com;www.uzumlu24.bel.tr. / www.uzumlu.bel.tr;6595
erzurum;a�kale;4424151005;4424151051;;;24270
erzurum;�at;4426112013;4426112166;catbelediyesierz@hotmail.com;;19192
erzurum;h�n�s;4425112349;4425112330;hinisbelediyes@ttmail.com;www.hinis.bel.tr;29165
erzurum;horasan;4427114200;4427113636;info@horasan.bel.tr;www.horasan.bel.tr;42403
erzurum;aziziye;4423275363;4423270627;aziziye@erzurumaziziye.bel.tr;www.erzurumaziziye.bel.tr;50989
erzurum;ispir;4424513092;4424513406;ispirbelediyesi@hotmail.com;www.ispir.bel.tr;16248
erzurum;kara�oban;4425912003;4425912653;karacoban.bel@hotmail.com;www.karacoban.bel tr;24968
erzurum;karayaz�;4425412174;4425412440;karayazi_hotmany_25@mynet.com;www.karayazi.bel.tr;31747
erzurum;k�pr�k�y;4426912097;4426912097;koprukoy0107@ttnet.mail;www.delicermik.com.tr;17721
erzurum;narman;4427413464;4427412545;bilgi@narman.bel.tr;www.narman.bel.tr;15336
erzurum;oltu;4428161019;4428164360;oltubelediyesi@hotmail.com;www.oltu.bel.tr;31346
erzurum;olur;4428412104;4428412384;belediye@olur.bel.tr;www.olur.bel.tr;7181
erzurum;pasinler;4426613501;4426613361;info@pasinler.bel.tr;;31581
erzurum;pazaryolu;4424812121;4424812188;;;4178
erzurum;�enkaya;4428612201;4428612065;senkayabelediyesi@hotmail.com;www.senkaya.bel.tr;20771
erzurum;tekman;4425612019;4425612179;tekman_belediyesi@hotmail.com;www.tekman.bel.tr;28772
erzurum;tortum;4427612007;4427612134;info@tortum.bel.tr;www.tortum.bel.tr;18819
erzurum;uzundere;4427913295;4427912005;uzunderebel@msn.com;www.uzundere.bel.tr;8347
erzurum;paland�ken;4423161957;4423153203;palandoken@palandoken.bel.tr;www.palandoken.bel.tr;161482
erzurum;yakutiye;4422352610;4422349273;yakutiye@yakutiye.bel.tr;www.yakutiye.bel.tr;182213
eski�ehir;alpu;2225112313;2225112313;alpubelediye@mynet.com;www.alpu.bel.tr;12070
eski�ehir;beylikova;2225313030;2225313829;beylikovabelediyesi26@gmail.com;www.beylikova.bel.tr;6387
eski�ehir;�ifteler;2225414081;2225414757;ciftelerbelediyesi@ttmail.com;;15651
eski�ehir;g�ny�z�;2225617172;2225617666;gunyuzubelediyesi@mynet.com;;6372
eski�ehir;han;2225816051;2225816052;han_belediyesi@hotmail.com;;2276
eski�ehir;in�n�;2225912520;2225912026;inonubelediyesi@hotmail.com;www.inonu.bel.tr;7260
eski�ehir;mahmudiye;2226113057;2226112345;mahmudiyebld@mynet.com;;8466
eski�ehir;mihalgazi;2226212007;2226212050;mihalgazi_belediyesi@mynet.com;www.mihalgazi.bel.tr;3483
eski�ehir;mihal�c��k;2226312007;2226313430;info@mihaliccik.bel.tr;www.mihaliccik.bel.tr;9639
eski�ehir;sar�cakaya;2226612148;2226612266;belediye@saricakaya.bel.tr;www.saricakaya.bel.tr;5112
eski�ehir;seyitgazi;2226713017;2226713017;seyitgazi@e-kolay.net;www.seyitgazi.bel.tr;15023
eski�ehir;sivrihisar;2227114035;2227114527;sivrihisar-belediyesi@hotmail.com;www.sivrihisar.bel.tr;22258
eski�ehir;odunpazar�;2222171300;2222279607;beyazmasa@odunpazari-bld.gov.tr;www.odunpazari.bel.tr;371128
eski�ehir;tepeba��;2222114000;2223208888;ozel.kalem@tepebasi.bel.tr;www.tepebasi.bel.tr;314599
gaziantep;�ahinbey;3422321111;3422317040;;www.sahinbey.bel.tr;817258
gaziantep;�ehitkamil;3423242506;3423230630;belediye@sehitkamil.bel.tr;www.sehitkamil.bel.tr;693901
gaziantep;araban;3426112210;3426112576;arabanbeld@hotmail.com;www.araban.bel.tr;32102
gaziantep;islahiye;3428621083;3428621022;islahiyebelediyesi@mynet.com;www.islahiye.bel.tr;66170
gaziantep;karkam��;3425612004;3425612224;;www.karkamis.bel.tr;10832
gaziantep;nizip;3425173900;3425172138;nizipbelediyesi@hotmail.com;www.nizip.bel.tr;135588
gaziantep;nurda��;3426714033;3426714637;bilgi@nurdagi.bel.tr;www.nurdagi.bel.tr;37620
gaziantep;o�uzeli;3425713014;3425713145;;www.oguzeli.bel.tr;29620
gaziantep;yavuzeli;3426412135;3426412899;;;21347
giresun;alucra;4547513006;4547513322;alucrabelediyesi@msn.com;www.alucra.bel.tr;4130
giresun;bulancak;4543182010;4543182012;bulancak@bulancak.bel.tr;www.bulancak.bel.tr;39160
giresun;�amoluk;4547815199;4547815021;info@camoluk.bel.tr;www.camoluk.bel.tr;3137
giresun;�anak��;4545912054;4545912457;;www.canakci.bel.tr;1819
giresun;dereli;4543813007;4543813154;iletisim@dereli.bel.tr;www.dereli.bel.tr;5648
giresun;do�ankent;4544715030;4544716093;dogankentbelediyesi28@hotmail.com;www.dogankent.bel.tr;3518
giresun;espiye;4546114150;4546114274;info@espiye.bel.tr;www.espiye.bel.tr;17089
giresun;eynesil;4545813001;4545813075;eynesilbel@hotmail.com;www.eynesil.bel.tr;7324
giresun;g�rele;4545131189;4545131535;ozelkalem@gorele.bel.tr;www.gorele.bel.tr;15450
giresun;g�ce;4544516023;4544516023;;www.guce.bel.tr;3178
giresun;ke�ap;4546414044;4546414428;kesapbelediyesi@hotmail.com;www.kesap.bel.tr;8620
giresun;piraziz;4543613016;4543613750;piraziz@piraziz.bel.tr;www.piraziz.bel.tr;7114
giresun;�ebinkarahisar;4547114005;4547114056;belediye@sebinkarahisar.bel.tr;www.sebinkarahisar.bel.tr;11557
giresun;tirebolu;4544114016;4544112077;tirebolubel@tirebolu.bel.tr;www.tirebolu.bel.tr;14853
giresun;ya�l�dere;4546712040;4546712243;bilgi@yaglidere.bel.tr;www.yaglidere.bel.tr;6907
g�m��hane;kelkit;4563171009;4563171396;kelkitbelediyesi@hotmail.com;www.kelkit.bel.tr;14454
g�m��hane;k�se;4564115062;4564115062;kosebelediyesi@mynet.com;www.kose.bel.tr;3558
g�m��hane;k�rt�n;4567116512;4567116512;bedirakdeniz@mynet.com;www.kurtun.bel.tr;4185
g�m��hane;�iran;4565117021;4565118404;;www.siran.bel.tr;7910
g�m��hane;torul;4566112023;4566112078;info@torul.bel.tr;www.torul.bel.tr;4644
hakkari;�ukurca;4385112006;4385112269;cukurcabel30@mynet.com;www.cukurca.bel.tr;8345
hakkari;�emdinli;4384112012;4384112189;destek@semdinli.bel.tr;www.semdinli.bel.tr;15102
hakkari;y�ksekova;4383512540;4383512396;yovabelediyesi@mynet.com;www.yuksekova.bel.tr;67831
hatay;alt�n�z�;3263113057;3263113059;altinozubld1131@hotmail.com;;61882
hatay;belen;3264413902;3264414546;belen@belen.bel.tr;www.belen.bel.tr;30061
hatay;d�rtyol;3267129201;3267123477;iletisim@dortyol.bel.tr;www.dortyol.bel.tr;115251
hatay;payas;3267551011;3267557808;payasbelediye@hotmail.com;www.payas.bel.tr;38959
hatay;erzin;3266815007;3266814981;erzin@erzin.bel.tr;www.erzin.bel.tr;41297
hatay;hassa;3267716366;;hassabelediyesi1@hotmail.com;www.hassa.bel.tr.gov.;54231
hatay;iskenderun;3266134990;3266145333;sekreterlik@iskenderun.bel.tr;www.iskenderun.bel.tr;245083
hatay;arsuz;3266433334;3266432072;;;79782
hatay;k�r�khan;3263441543;3263441006;info@kirikhan.bel.tr;;107049
hatay;kumlu;3264612088;3264612301;kumlubelediyesi@ttmail.com;;13241
hatay;reyhanl�;3264131010;3264134342;admin@reyhanli.bel.tr;www.reyhanli.bel.tr;88925
hatay;samanda�;3265121007;3265123200;samandagbld@hotmail.com;www.samandag.bel.tr/;116151
hatay;yaylada��;3264713029;3264713026;bilgi@yayladagi.bel.tr;www.yayladagi.bel.tr;28610
hatay;antakya;;;;;347974
hatay;defne;;;;;134570
��d�r;aral�k;4764112015;4764112822;;www.aralik.bel.tr;6393
��d�r;karakoyunlu;4765187001;4765187208;karakoyunlubelediyesi@gmail.com;www.karakoyunlu-bel.tr;2642
��d�r;tuzluca;4763112035;4763112398;info@tuzluca.bel.tr;www.tuzluca.bel.tr;9175
�sparta;aksu;2463412009;2463412332;aksubelediyesi@gmail.com;;2001
�sparta;atabey;2462712010;2462712328;atabeybelediyesi@hotmail.com;www.atabey.bel.tr;4073
�sparta;e�irdir;2463112497;2463112498;egirdirbelediyesi@gmail.com;www.egirdir.bel.tr;17486
�sparta;gelendost;2463813009;2463813088;gelendostbelediyesi@gmail.com;www.gelendost.bel.tr;5400
�sparta;g�nen;2462812034;2462812598;yaziisleri@gonen.bel.tr;www.gonen.bel.tr;3982
�sparta;ke�iborlu;2465414593;2465414224;keciborlubld@hotmail.com;www.keciborlu.bel.tr;7082
�sparta;senirkent;2465114009;2465112765;senirkent_belediyesi@hotmail.com;www.senirkent.bel.tr;5878
�sparta;s�t��ler;2463512001;2463512895;baskan@sutculer.bel.tr;www.sutculer.bel.tr;2590
�sparta;�arkikaraa�a�;2464114013;2464114633;;www.skaraagac.net;9997
�sparta;uluborlu;2465313260;2465313296;iletisim@uluborlu.bel.tr;www.uluborlu.bel.tr;6128
�sparta;yalva�;2464415035;2464415007;info@yalvac.bel.tr;www.yalvac.bel.tr;20583
�sparta;yeni�arbademli;2464314002;2464314174;info@yenisarbademli.bel.tr;www.yenisadbademli.bel.tr;2130
istanbul;adalar;2163823382;2163826785;mu�tafafarsakoglu@adalar.bel.tr;www.adalar.bel.tr;16166
istanbul;avc�lar;2126956200;2126956227;admin@avcilar.bel.tr;www.avcilar.bel.tr;407240
istanbul;ba�c�lar;2124100600;2124100611;bagcilar@bagcilar.bel.tr;www.bagcilar.bel.tr;752250
istanbul;bah�elievler;2124843800;2124419484;ozelkalem@bahcelievler.bel.tr;www.bahcelievler.bel.tr;602931
istanbul;bak�rk�y;2125831023;2125831316;ozelkalem@bakirkoy.bel.tr;www.bakirkoy.bel.tr;220974
istanbul;bayrampa�a;2124671900;2124671918;info@bayrampasa.bel.tr;www.bayrampasa.bel.tr;269677
istanbul;be�ikta�;2122804800;2122804802;belediye@besiktas.bel@.tr;www.besiktas.bel.tr;186570
istanbul;beykoz;2163222504;2163310523;beykoz-bld@beykoz.bel.tr;www.beykoz.bel.tr;248056
istanbul;beyo�lu;2124440160;2122521100;baskan@beyoglu.bel.tr;www.beyoglu.bel.tr;245219
istanbul;esenler;2124401111;2124401194;esenler@esenler.bel.tr;www.esenler.bel.tr;461621
istanbul;ey�p;2124400500;2124400449;beyazmasa@eyup.bel.tr;www.eyup.bel.tr;361531
istanbul;fatih;2124531453;2125325371;ozelkalem@fatih.bel.tr;www.fatih.bel.tr;425875
istanbul;gaziosmanpa�a;2124535500;2125454530;baskan@gaziosmanpasa.bel.tr;www.gaziosmanpasa.bel.tr;495006
istanbul;g�ng�ren;2124495500;2125550655;ssaydam@gungoren.bel.tr;www.gungoren.bel.tr;306854
istanbul;kad�k�y;2165425055;2164143856;aykurt.nuhoglu@kadikoy.bel.tr;www.kadikoy.bel.tr;506293
istanbul;ka��thane;2122956800;2122956842;ebelediye@kagithane.bel.tr;www.kagithane.bel.tr;428755
istanbul;kartal;2165868800;2163899281;altinokoz@kartal.bel.tr;www.kartal.bel.tr;447110
istanbul;k���k�ekmece;2124110702;2124110709;azizyeniay@kucukcekmece.bel.tr;www.kucukcekmece.bel.tr;740090
istanbul;maltepe;2164589999;2163997510;info@maltepe.bel.tr;www.maltepe.bel.tr;471059
istanbul;pendik;2165851100;2165851414;salihkenan@pendik.bel.tr;www.pendik.bel.tr;646375
istanbul;sar�yer;2122427575;2122429938;halklailiskiler@sariyer.bel.tr;www.sariyer.bel.tr;335598
istanbul;�i�li;2122887576;2122135488;basinburo@sislibelediyesi.com;www.sislibelediyesi.com;274420
istanbul;tuzla;2164440906;2165814773;;www.tuzla.bel.tr;208807
istanbul;�mraniye;2165239580;2164619882;ozelkalem@umraniye.bel.tr;www.umraniye.bel.tr;660125
istanbul;�sk�dar;2165313000;2165313225;beyazmasa@uskudar.bel.tr;www.uskudar.bel.tr;534636
istanbul;zeytinburnu;2124131111;2124131225;hdarcan@zeytinburnu.bel.tr;www.zeytinburnu.bel.tr;292313
istanbul;b�y�k�ekmece;2124440340;2128836968;danisma@bcekmece.bel.tr;www.bcekmece.bel.tr;211000
istanbul;�atalca;2127891042;2127892007;baskanlik@catalca.bel.tr;www.catalca.bel.tr;65811
istanbul;silivri;2127271002;2127272488;ozcanisiklar@silivri.bel.tr;www.silivri.bel.tr;155923
istanbul;sultanbeyli;2165641300;2163984884;baskan@sultanbeyli.bel.tr;www.sultanbeyli.bel.tr;309347
istanbul;�ile;2167121275;2167113585;bilgi@sile.bel.tr;www.sile.bel.tr;31718
istanbul;arnavutk�y;4444597;2125970057;hasimbaltaci@arnavutkoy.bel.tr;www.arnavutkoy.bel.tr;215531
istanbul;ata�ehir;2165705000;2164554559;info@atasehir.bel.tr;www.yeni.atasehir.bel.tr;405974
istanbul;ba�ak�ehir;2126925500;2126693593;belediye@basaksehir.bel.tr;www.basaksehir.bel.tr;333047
istanbul;beylikd�z�;2128667000;2128730114;bilgiedinme@beylikduzu.bel.tr;www.beylikduzu.bel.tr;244760
istanbul;�ekmek�y;2166000600;2166000602;info@cekmekoy.bel.tr;www.cekmekoy.bel.tr;207476
istanbul;esenyurt;2126220333;2126220399;beyazmasa@esenyurt.bel.tr;www.esenyurt.bel.tr;624733
istanbul;sancaktepe;2166223333;2166223981;bilgi@sancaktepe.bel.tr;www.sancaktepe.bel.tr;304406
istanbul;sultangazi;2124593434;2126060159;bilgi@sultangazi.bel.tr;www.sultangazi.bel.tr;505190
izmir;bal�ova;2324552100;2322791112;ozelkalem@balcova.bel.tr;www.balcova.bel.tr;77624
izmir;bornova;2323745717;2323887855;baskan@bornova.bel.tr;www.bornova.bel.tr;426490
izmir;buca;2324390707;2324390808;bucabaskanlik@buca.bel.tr;www.buca.bel.tr;454112
izmir;�i�li;2323864204;2323764976;ciglibelediyesi@cigli.bel.tr;www.cigli.bel.tr;173667
izmir;gaziemir;2324440251;2322520928;info@gaziemir.bel.tr;www.gaziemir.bel.tr;129534
izmir;g�zelbah�e;2322342020;2322342001;info@guzelbahce.bel.tr;www.guzelbahce.bel.tr;27389
izmir;kar��yaka;2323994000;2323697652;info@karsiyaka.bel.tr;www.karsiyaka.bel.tr;321870
izmir;konak;2324894918;2324894920;dostbaskan@konak.bel.tr;www.konak.bel.tr;385843
izmir;narl�dere;2322388741;2322388740;info@narlidere-bld.gov.tr;www.narlidere-bld.gov.tr;63743
izmir;alia�a;2326160250;2326163719;ozelkalem@aliaga-bld.gov.tr;www.aliaga.bel.tr;80948
izmir;bay�nd�r;2325815000;2325814268;basin@bayindir.bel.tr;www.bayindir.bel.tr;40690
izmir;bergama;2326328002;2326332012;bergama@bergama.bel.tr;www.bergama.bel.tr;101217
izmir;beyda�;2325926114;2325926241;beydagbld@hotmail.com;www.beydag.bel.tr;12555
izmir;�e�me;2327126632;2327126457;info@cesme.bel.tr;www.cesme.bel.tr;39243
izmir;dikili;2326714056;2326714862;dikilibel@mynet.com;www.izmir-dikili.bel.tr;36124
izmir;fo�a;2328121127;2328122422;bilgi@foca.bel.tr;www.foca.bel.tr;32534
izmir;karaburun;2327313020;2327313133;info@karaburun.bel.tr;www.karaburun.bel.tr;9092
izmir;kemalpa�a;2328784320;2328789933;admin@izmir-kemalpasa.bel.tr;www.izmir-kemalpasa.bel.tr;97499
izmir;k�n�k;2326871012;2326871449;;;28000
izmir;kiraz;2325723274;2325723623;;www.kiraz.bel.tr;44017
izmir;menderes;2327821006;2327821307;info@menderes.bel.tr;www.menderes.bel.tr;77706
izmir;menemen;2328321085;2328320006;iletisim@menemen.bel.tr;www.menemen.bel.tr;142836
izmir;�demi�;2325449097;2325451269;bilgi@odemis.bel.tr;www.odemis.bel.tr;129295
izmir;seferihisar;2327433960;2327433468;ozelkalem@seferihisar.bel.tr;www.seferihisar.bel.tr;33588
izmir;sel�uk;2328926911;2328926913;info@selcuk.bel.tr;www.selcuk.bel.tr;34979
izmir;tire;2325112075;2325112077;tirebel@tire.bel.tr;www.tire.bel.tr;80381
izmir;torbal�;2328566666;2328563772;torbali@torbali.bel.tr;www.torbali.bel.tr;144293
izmir;urla;2327541144;2327541009;baskan@urla.bel.tr;www.urla.bel.tr;56751
izmir;bayrakl�;2324772000;2323453118;info@bayrakli.bayrakli.bel.tr;www.bayrakli.bel.tr;310656
izmir;karaba�lar;2324147600;2324147741;yazi@karabaglar.bel.tr;www.karabaglar.bel.tr;471676
kahramanmara�;af�in;3445114660;3445114964;afsin@afsin.bel.tr;;82662
kahramanmara�;and�r�n;3445612012;3445612182;andirin@andirin.bel.tr;;35943
kahramanmara�;�a�layancerit;3443512223;3443512053;cceritbelediyesi@msn.com;;25276
kahramanmara�;ekin�z�;3444812017;3444812004;baskan@ekinozu.bel.tr;www.ekinozu.bel.tr;13461
kahramanmara�;elbistan;3444151004;3444151008;bilgi@elbistan.bel.tr;www.elbistan.bel.tr;140493
kahramanmara�;g�ksun;3447141193;3447141191;yaziisleri@goksun.bel.tr;www.goksun.bel.tr;53157
kahramanmara�;nurhak;3444712110;3444712002; nurhakbld@hotmail.com; www.nurhak.bel.tr;13414
kahramanmara�;pazarc�k;3443114314;3443115884;info@pazarcik.bel.tr;www.pazarcik.bel.tr;68843
kahramanmara�;t�rko�lu;3446181005;3446181135;turkoglu_bld.tr;;67886
kahramanmara�;dulkadiro�lu;;;;;216701
kahramanmara�;oniki�ubat;;;;;357870
karab�k;eflani;3704612012;3704612054;eflanibelediyesi@hotmail.com;www.eflanibelediyesi.bel.tr;2312
karab�k;eskipazar;3708181004;3708182315;eskipazarbelediyesi@hotmail.com;www.eskipazar.bel.tr;7062
karab�k;ovac�k;3708771009;3708771200;ovacik1660@ttmail.com;www.karab�kovacik.bel.tr;673
karab�k;safranbolu;3707124114;3707123642;belediye@safranbolu.bel.tr;www.safranbolu-bld.gov.tr;42813
karab�k;yenice;3707661111;3707661523;info@karab�kyenice.bel.tr;www.karab�kyenice.bel.tr;9558
karaman;ayranc�;3384112191;3384112035;a.bel.70@hotmail.com;www.ayranci.bel.tr;2436
karaman;ba�yayla;3383516432;3383516003;basyayla@basyayla.bel.tr;www.basyayla.bel.tr;2081
karaman;ermenek;3387161981;3387161983;ermenekbelediyesi@hotmail.com;www.ermenek.bel.tr;11070
karaman;kaz�mkarabekir;3383112045;3383112661;kazimkarabekirbelediyesi@ttmail.com;;3055
karaman;sar�veliler;3384412117;3384412760;sarivelilerbelediyesi1967@hotmail.com;www.sariveliler.bel.tr;5866
kars;akyaka;4742612178;4742612858;akyakabel@hotmail.com;www.karsakyaka.bel.tr;2081
kars;arpa�ay;4742812018;4742812171;arpacaybld@hotmail.com;www.arpacay.bel.tr;2844
kars;digor;4743112010;4743112049;digorbelediyesi@hotmail.com;;2725
kars;ka��zman;4743516012;4743516370;kagizman@kagizman.bel.tr;www.kagizman.bel.tr;18493
kars;sar�kam��;4744134073;4744135825;sarikamisbld@mynet.com;www.sarikamis.bel.tr;17963
kars;selim;4744612009;4744612727;selimbld@hotmail.com;;5111
kars;susuz;4745115006;4745115236;suzusbld@hotmail.com;;2567
kastamonu;abana;3665641165;3665641018;abanabelediyesi@hotmail.com;www.abana-bld.gov.tr;3290
kastamonu;a�l�;3667371001;3667371012;agli@agli.bel.tr;www.agli.bel.tr;2039
kastamonu;ara�;3663621012;3663621219;aracbelediyesi.1866@hotmail.com;www.aracbelediyesi.net;5938
kastamonu;azdavay;3667171006;3667171888;azdavaybelde@hotmail.com;www.azdavay.bel.tr;2861
kastamonu;bozkurt;3665751125;3665751238;adematatepe@hotmail.com;www.bozkurtbelediyesi.com;5303
kastamonu;cide;3668661004;3668661169;cidebelediyesi37@hotmail.com;www.cidebelediyesi.com;7544
kastamonu;�atalzeytin;3665161017;3665161060;info@catalzeytinbelediyesi.net;www.catalzeytin.bel.tr;2517
kastamonu;daday;3666161005;3666162294;daday_belediyesi@hotmail.com;www.daday.bel.tr;3818
kastamonu;devrekani;3666381013;3666381314;devbel37@hotmail.com;www.devrekani.bel.tr;5377
kastamonu;do�anyurt;3668431260;3668431262;bilgi@doganyurt.bel.tr;www.doganyurt.bel.tr;1272
kastamonu;han�n�;3664975194;3664975195;hanbel37@ttmail.com;www.hanonu.bel.tr;1933
kastamonu;ihsangazi;3663921020;3663921619;yaziisleri@ihsangazi.bel.tr;www.ihsangazi.bel.tr;3117
kastamonu;inebolu;3368114500;3668116462;info@inebolu.bel.tr;www.inebolu.bel.tr;9466
kastamonu;k�re;3667512109;3667513028;onat7337@hotmail.com;www.kure.bel.tr;3160
kastamonu;p�narba��;3667712027;3667712243;pinarbasibelediyesi@gmail.com;www.pinarbasi-bld.com;2435
kastamonu;seydiler;3666684013;3666684024;seydilerbelediyesi@gmail.com;www.seydiler.bel.tr;2565
kastamonu;�enpazar;3667881069;3667881032;senpazarbelediye@hotmail.com;www.senpazar.bel.tr;1636
kastamonu;ta�k�pr�;3364171224;3664172621;tasbelediye@mynet.com;www.taskopru.bel.tr;16180
kastamonu;tosya;3663131009;3663132193;tosyabld@gmail.com;www.tosya.bel.tr;28138
kayseri;kocasinan;3522327849;3522222582;basin@kocasinan.bel.tr;www.kocasinan.bel.tr;377051
kayseri;melikgazi;3522076001;3522229275;melikgazi@melikgazi.bel.tr;www.melikgazi.bel.tr;520319
kayseri;akk��la;3525913002;3525913393;akkislabelediyesi@hotmail.com;www.akkisla.bel.tr;6663
kayseri;b�nyan;3527121040;3527121947;;www.bunyan.bel.tr;29120
kayseri;develi;3526216041;3526212474;info@develi.bel.tr;www.develi.bel.tr;63994
kayseri;felahiye;3527912068;3527912160;baskan@felahiyebelediyesi.com;www.felahiyebelediyesi.com;7013
kayseri;hac�lar;3524421225;3524421004;baskan@hacilar.bel.tr;www.hacilar.bel.tr;12376
kayseri;incesu;3526913313;3526913386;bilgi@incesubelediyesi.com;www.incesubelediyesi.com;24315
kayseri;�zvatan;3527812064;3527812552;;www.ozvatan.bel.tr;4542
kayseri;p�narba��;3525121035;3525121017;pinarbasibld@hotmail.com;www.pinarbasi38.bel.tr;26559
kayseri;sar�o�lan;3528112014;3528112186;sarioglan@ttmail.com;www.sarioglan.bel.tr;14977
kayseri;sar�z;3525612181;3525612093;sarizbelediyesi@hotmail.com;www.sariz.bel.tr;10626
kayseri;talas;3524370055;3524372221;talas@talas.bel.tr;www.talas.bel.tr;119810
kayseri;tomarza;3526612929;3526615113;info@tomarza.bel.tr;www.tomarza.bel.tr;24996
kayseri;yahyal�;3526113007;3526119911;info@yahyali.bel.tr;www.yahyali.bel.tr;36776
kayseri;ye�ilhisar;3526513015;3526513015;yesilhisarbld@ttmail.com;;16218
kilis;elbeyli;3487822353;3487822272;elbeylibelediyesi@mynet.com;;2020
kilis;mu�abeyli;3487462120;3487462123;;;1102
kilis;polateli;3487251256;3487251256;zafer._79@hotmail.com;;1096
k�r�kkale;bah�ili;3183661642;3183661771;;;5545
k�r�kkale;bal��eyh;3187137065;3187137193;;www.baliseyh.bel.tr;2240
k�r�kkale;�elebi;3184145600;3184145222;celebi.bld.71@hotmail.com.;;1567
k�r�kkale;delice;3186185004;3186185807;delicebelediyesi@hotmail.com;;2540
k�r�kkale;karake�ili;3184743008;3184743023;;www.karakecili.bel.tr;4068
k�r�kkale;keskin;3185153483;3185153568;keskinbld@mynet.com;www.keskin.bel.tr;9667
k�r�kkale;sulakyurt;3188127011;3188127757;belediye@sulakyurtbelediyesi.com;www.sulakyurtbelediyesi.com;2417
k�r�kkale;yah�ihan;3183572560;3183573787; yahsihan-belediyesi@hotmail.com;www.yahsihan.bel.tr;16307
k�rklareli;babaeski;2885121236;2885121070;info@babaeski-bld.gov.tr;www.babaeski.bel.tr;28472
k�rklareli;demirk�y;2886816607;2886816607;yaziisleri@demirkoy.bel.tr;www.demirkoy.bel.tr;3540
k�rklareli;kof�az;2887622100;2887622099;kofcaz@kofcaz.bel.tr;www.kofcaz.bel.tr;678
k�rklareli;l�leburgaz;2884171012;2884174779;info@luleburgaz.bel.tr;www.luleburgaz.bel.tr;106545
k�rklareli;pehlivank�y;2887141140;2887141007;pehlivankoybelediyesi@gmail.com;www.pehlivankoy.bel.tr;1906
k�rklareli;p�narhisar;2886151027;2886151134;pinarhisarbelediyesi@hotmail.com;www.k�rklarelipinarhisar.bel.tr;10533
k�rklareli;vize;2883181021;2883181046;belediye@vize.bel.tr;www.vize.bel.tr;12631
k�r�ehir;ak�akent;3863127337;3863127337;akcakentbld@hotmail.com;;995
k�r�ehir;akp�nar;3864122006;3864122006;akpinarbelediyesi@hotmail.com;www.k�r�ehirakpinar.bel.tr;3035
k�r�ehir;boztepe;3865123004;3865123270;bilgi@boztepe.bel.tr;www.boztepe.bel.tr;2779
k�r�ehir;�i�ekda��;3866122266;3866122307;cicekagi.belediyesi@mynet.com;www.cicekdagibelediyesi.com;6402
k�r�ehir;kaman;3867122510;3867122197;;;22278
k�r�ehir;mucur;3868124007;3868122725;mucurbelediyesi@mynet.com;www.mucur.bel.tr;12498
kocaeli;gebze;2626420430;2626420430;ozelkalem@gebzebel.tr;www.gebze.bel.tr;329195
kocaeli;g�lc�k;2624144585;2624120630;ozelkalem@golcuk.bel.tr;www.golcuk.bel.tr;145805
kocaeli;kand�ra;2625516272;2625513061;bilgi@kandira.bel.tr;www.kandira bel.tr;50046
kocaeli;karam�rsel;2624521025;2624521389;info@karamursel.bel.tr;www.karamursel.bel.tr;53033
kocaeli;k�rfez;2625282302;2625285422;bilgi@korfez.bel.tr;www.korfez.bel.tr;142884
kocaeli;derince;2622394015;2622290027;yaziisleri@derince.bel.tr;www.derince.bel.tr;130657
kocaeli;ba�iskele;2623433416;2623435439;ozelkalem@basiskele.bel.tr;www.basiskele.bel.tr;76605
kocaeli;�ay�rova;2627437912;2627445238;baskan@cayirova.bel.tr;www.cayirova.bel.tr;103536
kocaeli;dar�ca;2627452130;2627454103;baskan@darica.bel.tr;www.darica.bel.tr;164385
kocaeli;dilovas�;2627545520;2627545098;baskan@dilovasi.bel.tr;www.dilovasi.bel.tr;45610
kocaeli;izmit;2623180000;2623180040;www.izmit.bel.tr;www.izmit.bel.tr;332754
kocaeli;kartepe;2623166801;2623166861;o.kalem@kartepe.bel.tr;www.kartepe.bel.tr;101692
konya;karatay;3323501313;3323508872;baskan@karatay.bel.tr;www.karatay.bel.tr;286355
konya;meram;3323222041;3323200341;baskan@meram.bel.tr;www.meram.bel.tr;333988
konya;sel�uklu;3322510251;3322653080;belediye@selcuklu.bel.tr;www.selcuklu.bel.tr;565093
konya;ah�rl�;3324814059;33248141337;;;4765
konya;ak�ren;3324612378;3324613121;akoren-bld@hotmail.com;akoren.bel.tr;6740
konya;ak�ehir;3328132906;3328126815;kultur@aksehir.bel.tr;www.aksehir.bel.tr;93883
konya;alt�nekin;3326312242;3326312202;info@altinekin.bel.tr;www.altinekin.bel.tr;14528
konya;bey�ehir;3325124769;3325121958;beysehir@beysehir.bel.tr;www.beysehir.bel.tr;70297
konya;bozk�r;3324261111;3324261356;info@bozkir.bel.tr;www.bozkir.bel.tr;28152
konya;cihanbeyli;3326734170;3326734182;tufan-yilmaz@hotmail.com;www.cihanbeyli.bel.tr;56234
konya;�eltik;3328712204;3328712014;celtik@konyaceltik.bel.tr;www.konyaceltik.bel.tr;10396
konya;�umra;3324471230;3324473993;baskan@cumra.bel.tr;www.cumra.bel.tr;64619
konya;derbent;3325612005;3325612111;derbentbelediye@hotmail.com;www.derbent.bel.tr;4783
konya;derebucak;3325371493;3325371495;derebucakbelediyesi@hotmail.com;www.derebucak.bel.tr;7576
konya;do�anhisar;3325561322;3325561205;info@doganhisar.bel.tr;www.doganhisar.bel.tr;18193
konya;emirgazi;3327472251;3327472002;emirgazi@emirgazi.bel.tr;www.emirgazi.bel.tr;9324
konya;ere�li;3327131065;3327131240;e-belediye42@windowslive.com;www.eregli.bel.tr;137837
konya;hadim;3324181120;3324181827;bolat42@hotmail.com;www.hadim.bel.tr;13572
konya;halkap�nar;3327712020;3327712017;yaziisleri@halkapinar.bel.tr.;www.halkapinar.bel.tr;4739
konya;h�y�k;3325431330;3325432717;huyukbelediyesi@hotmail.com;;16769
konya;�lg�n;3328816931;3328816931;halklailiskiler@ilgin.bel.tr;www.ilgin.bel.tr;56452
konya;kad�nhan�;3328341520;3328343580;bilgi@kadinhani.bel.tr;www.kadinhani.bel.tr;33382
konya;karap�nar;3327557500;3327552516;bilgi@karapinar.bel.tr;www.karapinar.bel.tr;48665
konya;kulu;3326416530;3326412150;bilgi@kulu.bel.tr;www.kulu.bel.tr;51314
konya;saray�n�;3326171085;3326173031;;www.sarayonubld.tr;27059
konya;seydi�ehir;3325823428;3325822211;seydisehir@seydisehir.bel.tr;www.golyakabelediyesi.bel.tr;63628
konya;ta�kent;3324971010;3324971242;bilgi@taskent.bel.tr;www.taskent.bel.tr;7094
konya;tuzluk�u;3328612005;3328612319;tuklukcu_1950@mynet.com;www.tuzlukcu.bel.tr;7111
konya;yal�h�y�k;3325716181;3325716181;yhuyuk.bl@hotmail.com;;1830
konya;yunak;3328512441;3328512390;yunakbel.1953@hotmail.com;www.yunak.bel.tr;24919
k�tahya;alt�nta�;2743112450;2743112452;altintasbelediyesi@hotmail.com;www.altintas.bel.tr;5486
k�tahya;aslanapa;2743312220;2743312224;aslanapabelediyesi43@hotmail.com;;2300
k�tahya;�avdarhisar;2743512006;2743512059;;www.cavdarhisar.bel.tr;2343
k�tahya;domani�;2746613002;2746613151;belediye@domanic.bel.tr;www.domanic.bel.tr;4731
k�tahya;dumlup�nar;2743712100;2743712197;;www.dumlupinar.bel.tr;1258
k�tahya;emet;2744614148;2744613131;emetbel@hotmail.com;yap�m asamas�nda;11401
k�tahya;gediz;2744124444;2744122546;gediz@gediz.bel.tr;www.gediz.bel.tr;21514
k�tahya;hisarc�k;2744813085;2744813151;hisarcikbelediyesi@ttmail.com;www.hisarcik.bel.tr;5600
k�tahya;pazarlar;2745712002;2745712255;info@pazarlar.bel.tr;www.pazarlar.bel.tr;3303
k�tahya;simav;2745137006;2745137010;baskan@simav.bel.tr;www.simav.bel.tr;25506
k�tahya;�aphane;2745512005;2745512233;saphane@saphane.bel.tr;www.saphane.bel.tr;3683
k�tahya;tav�anl�;2746141510;2746141568;baskan@tavsanli.bel.tr;www.tavsanli.bel.tr;67226
malatya;ak�ada�;4224171036;4224171311;;www.akcadag.bel.tr;32260
malatya;arapgir;4228113003;4228113222;arapgirbld@mynet.com;www.arapgir.bel.tr;11041
malatya;arguvan;4227712006;4227712091;;;9038
malatya;battalgazi;4228413001;4228413050;battalgazibelediyesi@hotmail.com;www.battalgazi.bel.tr;297806
malatya;darende;4226151039;4226151656;darendebelediyesi@hotmail.com;;28978
malatya;do�an�ehir;4225171079;4225171667;dogansehirbelediyesi@mynet.com;www.dogansehir.bel.tr/;41006
malatya;do�anyol;4228816293;4228816008;doganyol@doganyolbelediyesi.com;www.doganyolbelediyesi.com;4720
malatya;hekimhan;4227131189;4227133088;hekimhanbelediyesi@hotmail.com;www.hekimhan.bel.tr;22181
malatya;kale;4228616260;4228616989;info@malatyakale.bel.tr;www.malatyakale.bel.tr;5975
malatya;kuluncak;4226812003;4226812584;kuluncakbel@hotmail.com;;8885
malatya;p�t�rge;4225612012;4225612398;info@puturgr.bel.tr;;17986
malatya;yaz�han;4227514054;4227514084;;;15297
malatya;ye�ilyurt;4224813470;4224813742;yesilyurtbelediyesi4444@hotmail.com;;267365
manisa;ahmetli;2367681300;2367681092;ahmbld@hotmail.com;www.ahmetlibelediyesi.com.tr;16266
manisa;akhisar;2364135991;2364143514;akbel@akhisar.bel.tr;www.akhisar.bel.tr;161918
manisa;ala�ehir;2366531537;2366539390;als.bel.tr@gmail.com;www.alasehir.bel.tr;99504
manisa;demirci;2364621517;2364621548;demircibld@demirci-bld.gov.tr;www.demirci-bld.gov.tr;43628
manisa;g�lmarmara;2365151002;2365151006;golmarmara@golmarmara.bel.tr;www.golmarmara.bel.tr;15449
manisa;g�rdes;2365471520;2365472872;gordes_belediyesi@hotmail.com;www.gordes.bel.tr;30341
manisa;k�rka�a�;2365881022;2365881076;info@kirkagac.bel.tr;www.kirkagac.bel.tr;46160
manisa;k�pr�ba��;2365712298;2365712428;baskan@koprubasi.bel.tr;www.koprubasi.bel.tr;14045
manisa;kula;2368167000;2368167002;info@kula.bel.tr;www.kula.bel.tr;45892
manisa;salihli;2367131366;2367132322;info@salihli.bel.tr;www.salihli.bel.tr;156330
manisa;sar�g�l;2368671007;2368672493;belgebel@ttmail.com;www.sarigol.bel.tr;36209
manisa;saruhanl�;2363573470;2363573474;info@saruhanli.bel.tr;www.saruhanlibel.tr;53821
manisa;selendi;2367881005;2367881043;bselendib@ttnet.net.tr;www.selendi.bel.tr;22047
manisa;soma;2366131601;2366132418;bilgi@soma.bel.tr;www.soma.bel.tr;105391
manisa;turgutlu;2363134693;2363131078;;;148130
manisa;�ehzadeler;;;;;164649
manisa;yunusemre;;;;;199683
mardin;darge�it;4823812001;4823812225;dargecitbel@mynet.com;www.dargecit.bel.tr;28891
mardin;derik;4822513024;4822513039;derikbelediyesi@mynet.com;www.derik.bel.tr;61226
mardin;k�z�ltepe;5321341292;4823122054;;www.kiizltepe-bld.gov.tr;225888
mardin;maz�da��;4825111011;4825111009;mazidagibelediye@hotmail.com;www.mazidagi.bel.tr;33083
mardin;midyat;4824622980;4824622960;midyatbelediyesi47@hotmail.com;www.midyat.bel.tr;105456
mardin;nusaybin;4824151295;4824153699;nusaybinbelediyesi@hotmail.com;www.nusaybin.bel.tr;115380
mardin;�merli;4825413161;4825413027;omerlibelediyesi@ttnet.net;www.mardinomerli.bel.tr;15045
mardin;savur;4825712142;4825712022;staurebelediyesi@hotmail.com;;29826
mardin;ye�illi;4825911981;4825911006;yesilli@yesilli.bel.tr;www.yesilli.bel.tr;16877
mardin;artuklu;;;;;148066
mersin;anamur;3248141115;3248142020;bilgi@anamur.bel.tr;www.anamur.bel.tr;63059
mersin;ayd�nc�k;3248413050;3248412587;aydincikbelediye@ttmail.com;;11473
mersin;bozyaz�;3248513007;3248513430;bozyazibel@hotmail.com;www.bozyazi.bel.tr;26595
mersin;�aml�yayla;3246813003;3246814661;bilge@camliyayla.bel.tr;www.camliyayla.bel.tr;8781
mersin;erdemli;3245151790;3245154128;erdemli.belediyesi@mynet.com;www.erdemli.bel.tr;130226
mersin;g�lnar;3247517110;3247513910;gulnarbeld.-@hotmail.com;www.gulnar.bel.tr;26451
mersin;mut;3247742727;3247742339;info@mut.bel.tr;www.mut.bel.tr;62693
mersin;silifke;3247142137;3247142186;b_aliongel@silifke-bld.gov.tr;www.silifke-bld.gov.tr;114675
mersin;tarsus;3246163377;3246163525;www.tarsusbel.tr;www.tarsus.bel.tr;321403
mersin;akdeniz;3243366583;3243364016;bilgi@akdeniz-bld.gov.tr;www.akdeniz-bld.gov.tr;279383
mersin;mezitli;3243581005;3243570042;ozelkalem@mezitli.bel.tr;www.mezitli.bel.tr;158482
mersin;toroslar;3243227215;3243227214;bilgi@toroslar-bld.gov.tr;www.toroslar.bel.tr;277658
mersin;yeni�ehir;3243274663;3243276377;bilgi@yenisehir-bld.gov.tr;www.yenisehir-bld.gov.tr;224895
mu�la;bodrum;2523161214;2523164913;info@bodrum.bel.tr;www.bodrum.bel.tr;140716
mu�la;dalaman;5545362273;2526922015;info@dalaman.bel.tr;www.dalaman.bel.tr;35362
mu�la;dat�a;2527123098;2527123497;baskan@datca.bel.tr;www.datca.bel.tr;17983
mu�la;fethiye;2526141020;2526146792;belediyem@fethiye.bel.tr;www.fethiye.bel.tr;140509
mu�la;kavakl�dere;2525927026;2525927004;info@kavaklidere.bel.tr;www.kavaklidere.bel.tr;10878
mu�la;mente�e;2525945071;2525945187;mentese_bel.sekreteri@hotmail.com;www.mentese.bel.tr;99911
mu�la;k�yce�iz;2522624005;2522624844;;www.koycegiz.bel.tr;33777
mu�la;marmaris;2524121005;2524135475;info@marmaris.bel.tr;www.marmaris.bel.tr;85801
mu�la;milas;2525121416;2525128029;info@milas.bel.tr;www.milas.bel.tr;129128
mu�la;ortaca;2522825016;2522825016;info@ortaca.bel.tr;www.ortaca.bel.tr;44227
mu�la;ula;2522423092;2522422418;ulabelediyesi@hotmail.com;www.ula.bel.tr;23418
mu�la;yata�an;2525725100;2525725013;info@mu�layayagan.bel.tr;www.mu�layatagan.bel.tr;45295
mu�la;seydikemer;;;;;59660
mu�;bulan�k;4363112154;4363112377;bulanikbelediyesi@mynet.com;www.bulanik.bel.tr;24819
mu�;hask�y;4364112035;4364112043;o.degirmen@hotmail.com;;12941
mu�;korkut;4366116023;4366116024;;;3604
mu�;malazgirt;4365112071;4365114169;info@malazgirt.bel.tr;www.malazgirt.bel.tr;20837
mu�;varto;4367112020;4367112809;;www.vartobelediyesi.com;10089
nev�ehir;ac�g�l;3843112002;3843112375;acigolbelediyesi@ttmail.com/acigolbelediyesi@hotmail.com;www.acigol.bel.tr;5847
nev�ehir;avanos;3845114064;3845114065;avanosbeltr@mynet.com;www.avanos.bel.tr;13250
nev�ehir;derinkuyu;3843813003;3843813969;derinkuyubelediyesi@hotmail.com;www.derinkuyu.bel.tr;10731
nev�ehir;g�l�ehir;3844113003;3844113905;gulsehirbelediyesi@hotmail.com;www.gulsehir.bel.tr;12219
nev�ehir;hac�bekta�;3844412721;3844413638;bilgi@hacibektas.bel.tr;www.hacibektas.bel.tr;5078
nev�ehir;kozakl�;3844714293;3844713565;kozbld@hotmail.com;;7396
nev�ehir;�rg�p;3843414008;3843414226;info@urgup.bel.tr;www.urgup.bel.tr;20061
ni�de;altunhisar;3886112305;3886112146;altunhisar@altunhisar.bel.tr;www.altunhisar.bel.tr;2967
ni�de;bor;3883117115;3883117858;bor@bor.bel.tr;www.bor.bel.tr;40529
ni�de;�amard�;3887112025;3887112497;camardibelediyesi@hotmail.com;www.camardi.bel.tr;3973
ni�de;�iftlik;3884112004;3884112191;;www.ciftlik.bel.tr;4579
ni�de;uluk��la;3885112152;3885118007;cgyu-51@hotmail.com;www.ulukisla.bel.tr;5275
ordu;akku�;4526112009;5426112888;akkus@akkus.bel.tr;www.akkus.bel.tr;26582
ordu;aybast�;4527141175;4527141003;yaziisleri@aybasti.bel.tr;www.aybasti.bel.tr;24247
ordu;�ama�;5426444115;4524812465;bilgi@camas.bel.tr;www.camas.bel.tr;10403
ordu;�atalp�nar;4524912020;4524912110;;www.catalpinar.bel.tr;14669
ordu;�ayba��;4523913018;4523913007;mail@caybasi.bel.tr;www.caybasi.bel.tr;15163
ordu;fatsa;4524236300;4524236309;fatsabldsi@mynet.com;www.fatsa.bel.tr;105960
ordu;g�lk�y;4527412032;4527412322;bilgi@golkoy.bel.tr;www.golkoy.bel.tr;32832
ordu;g�lyal�;4528112053;4528112052;gulyalibelediyesi@hotmail.com;www.gulyali.gov.tr;9116
ordu;g�rgentepe;4528212064;4528212024;bilgi@gurgentepe.bel.tr;www.gurgentepe.bel.tr;16232
ordu;ikizce;4523712004;4523712972;bilgiislem@ikizce.bel.tr;www.ikizce.bel.tr;16745
ordu;kabad�z;4528412828;4528412053;;;8312
ordu;kabata�;4526944001;4526944502;baskan@kabatas.bel.tr;www.kabatas.bel.tr;12281
ordu;korgan;5426712127;4526712005;belediye@korgan.bel.tr;www.korgan.bel.tr;32370
ordu;kumru;4526413141;4526413144;info@kumrubelediyesi.com;www.kumru.bel.tr;32268
ordu;mesudiye;4527612144;4527612144;info@mesudiye.bel.tr;www.mesudiye.bel.tr;16975
ordu;per�embe;4525171052;4525170114;persembe@persembe.bel.tr;www.persembe.bel.tr;32131
ordu;ulubey;4528613326;4528613327;orduulubeybld@ttnet.mail.com;www.ulubey.bel.tr;20868
ordu;�nye;4523233333;4523248405;baskan@unye.bel.tr;www.unye.bel.tr;118201
ordu;alt�nordu;4522250116;4522234933;;;186097
osmaniye;bah�e;3288612009;3288612106;bahce-belediyesi@hotmail.com;www.bahce.bel.tr;13747
osmaniye;d�zi�i;3288761399;3288761578;bilgiislem@duzici.bel.tr;www.duzici.bel.tr;44432
osmaniye;hasanbeyli;3286648126;3286648113;hasbel080@hotmail.com;www.hasanbeyli.bel.tr;2390
osmaniye;kadirli;3287182104;3287181163;kadirlibelediyesi@kadirli.bel.tr;www.kadirli.bel.tr;84381
osmaniye;sumbas;3287848377;3287848007;sumbasbelediyesi@hotmail.com;;2140
osmaniye;toprakkale;3286332003;3286332028;toprakkalebelediyesi@hotmail.com;www.toprakkale.bel.tr;14732
rize;arde�en;4647151666;4647155663;bilgi@ardesen.bel.tr;www.ardesen.bel.tr;25895
rize;�aml�hem�in;4646517065;4646517486;c.hemsinbelediyesi@hotmail.com;www.camlihemsin.bel.tr;1513
rize;�ayeli;4645325085;4645325083;belediye@cayeli.bel.tr;www.cayeli.bel.tr;23402
rize;derepazar�;4643113329;4643113019;iletisim@derepazari.bel.tr;www.derepazari.bel.tr;4289
rize;f�nd�kl�;4645113010;4645113961;findiklibel@ttmail.com;www.findikli.bel.tr;9896
rize;g�neysu;4643441105;4643441223;guneysubld@hotmail.com;www.guneysu.bel.tr;4540
rize;hem�in;4646412990;4646413030;hemsinbelediyesi@gmail.com;www.hemsin.bel.tr;1363
rize;ikizdere;4644161147;4644161547;;www.ikizdere.bel.tr;1820
rize;pazar;4646121130;4646121134;pazar.bel.tr;www.pazar.bel.tr;15032
sakarya;ferizli;2647817011;2647817099;ferizlibelediyesi@hotmail.com;ferizli.bel.tr;24585
sakarya;s���tl�;2646812482;2646812485;;www.sogutlubld.web.tr;14055
sakarya;akyaz�;2644181431;2644181435;;www.akyazi.bel.tr;84281
sakarya;geyve;2645175240;2645175242;bilgi@geyve.bel.tr;www.geyve.bel.tr;48171
sakarya;hendek;2646146152;2646146156;bilgi@hendek.bel.tr;www.hendek.bel.tr;76134
sakarya;karap�r�ek;2644715010;2644716133;sakaryakarapurcekbelediyesi@hotmail.com;;12422
sakarya;karasu;2647181200;2647181209;karasu@sakaryakarasu.bel.tr;www.sakaryakarasu.bel.tr;55342
sakarya;kaynarca;2648712096;2648713079;sakaryakaynarcabelediyesi@mynet.com;sakaryakaynarca.bel.tr;23390
sakarya;kocaali;2648121102;2648121111;kocaali@kocaali.bel.tr;www.kocaali.bel.tr;22666
sakarya;pamukova;2645513414;2645513020;;www.pamukova.bel.tr;27841
sakarya;sapanca;2645825152;2645829348;;www.sapanca.bel.tr;39061
sakarya;tarakl�;2644912021;2644912017;taraklibelediyesi@hotmail.com;;7135
sakarya;adapazar�;2642775430;2642775443;ozelkalem@adapazari.bel.tr;www.adapazari.bel.tr;259516
sakarya;arifiye;2642291010;2642291012;arifiye_b@hotmail.com;www.arifiye.bld.tr;38905
sakarya;erenler;2642414800;2642414807;info@sakarya-erenler.bel.tr;sakarya-erenler.bel.tr;78094
sakarya;serdivan;2642111050;2642111057;ozelkalem@serdivan.bel.tr;www.serdivan.bel.tr;105775
samsun;ala�am;3626220002;3626220230;alacam@alacam.bel.tr;www.alacam.bel.tr;28162
samsun;asarc�k;3627912250;3627912237;info@asarcik.bel.tr;www.asarcik.bel.tr;17783
samsun;ayvac�k;3628132022;3628132023;mu�tafabelur@ayvacik.bel.tr;www.ayvacik.bel.tr;22444
samsun;bafra;3625431012;3625433995;bafrabelediyesi@bafra.bel.tr;www.bafra.bel.tr;142812
samsun;�ar�amba;3628334685;3628334687;belediye@carsamba.bel.tr;www.carsamba.bel.tr;136184
samsun;havza;3627141018;3627141912;havzabelediyesi@hotmail.com;www.havza.bel.tr;42791
samsun;kavak;3627413312;3627413006;samsunkavak-bld@hotmail.com;www.samsunkavak.bel.tr;20604
samsun;ladik;3627713030;3627714005;;www.ladik.bel.tr;17230
samsun;ondokuz may�s;3625114488;3625113160;info@19mayis.bel.tr;www.19mayis.bel.tr;24454
samsun;sal�pazar�;3628212019;3628212091;bilgiislem@salipazari.bel.tr;www.salipazari.bel.tr;19623
samsun;tekkek�y;3622560534;3622560004;;;50124
samsun;terme;3628761002;3628761168;bilgi@terme.bel.tr;www.terme.bel.tr;73615
samsun;vezirk�pr�;3626471608;3626471274;halklailiskiler@vezirkopru.bel.tr;www.vezirkopru.bel.tr;101715
samsun;yakakent;3626112104;3626112454;yakakent@yakakent.bel.tr;www.yakakent.bel.tr;9074
samsun;atakum;3624444055;3624370611;bilgi@atakum.bel.tr;www.atakum.bel.tr;149226
samsun;canik;3622283550;3622388430;canik@canik.bel.tr;www.canik.bel.tr;93721
samsun;ilkad�m;3624445501;3624320863;bilgiislem@ilkadim.bel.tr;www..ilkadim.bel.tr;312248
�anl�urfa;karak�pr�;4143477236;4143477642;nihatciftci@karakopru.bel.tr;www.karakopru.bel.tr;103495
�anl�urfa;ak�akale;4144112057;4144112330;akcakalebelediyesi@hotmail.com;;95709
�anl�urfa;birecik;4146521007;4146521392;birecikbelediyesi@hotmail.com;www.birecik.bel.tr;92125
�anl�urfa;bozova;4147115012;4147116522;bozovabelediye63@hotmail.com;www.bozova.bel.tr;57017
�anl�urfa;ceylanp�nar;4144714005;4144714372;info@ceylanpinar.bel.tr;www.ceylanpinar.bel.tr;78814
�anl�urfa;halfeti;4147511010;4147511014;halfetibelediyesi@hotmail.com;www.halfeti.bel.tr;38737
�anl�urfa;harran;4144412075;4144412558;harranbelediyesi63@harran.bel.tr;www.harran.bel.tr;75742
�anl�urfa;hilvan;4146812007;4146812035;bilgi@hilvan.bel.tr;www.hilvan.bel.tr;41410
�anl�urfa;siverek;4145521200;4145521027;;www.siverek.bel.tr;232290
�anl�urfa;suru�;4146114372;4146119912;---surucbld63@mynet.com;;101366
�anl�urfa;viran�ehir;4145113081;4145113582;belediye@viransehir.bel.tr;wwww.viransehir.bel.tr;177084
�anl�urfa;eyy�biye;;;;;360509
�anl�urfa;haliliye;;;;;347682
siirt;ayd�nlar;4844612007;4844612310;tillobelediyesi@mynet.com;www.aydinlar.bel.tr;2117
siirt;baykan;4845612012;4875612186;;www.baykan.bel.tr;5741
siirt;eruh;4843112010;4843112740;eruhbld@superonline.com;www.eruh.bel.tr;8260
siirt;kurtalan;4844112010;4844112037;kurtalanbelediyesi@mynet.com;www.kurtalan.bel.tr;30768
siirt;pervari;4843612003;4843612261;pervaribelediyesi@hotmail.com;www.pervari.bel.tr;5830
siirt;�irvan;4845112003;4845112028;sirvan_belediyesi@mynet.com;www.sirvan.bel.tr;4363
sinop;ayanc�k;3686131073;3686131333;;www.ayancik.bel.tr;12971
sinop;boyabat;3683151033;3683151018;boyabatbelediyesi@boyabat.bel.tr;www.boyabat.bel.tr;26121
sinop;dikmen;3687712178;3687712595;;www.dikmen.bel.tr;1596
sinop;dura�an;3684161009;3684161034;duragan@duragan.bel.tr;www.duragan.bel.tr;7434
sinop;erfelek;3685112250;3685112249;info@erfelek.bel.tr;www.erfelek.bel.tr;3524
sinop;gerze;3687181009;3687181248;gerzebelediyesi@hotmail.com;www.gerze.bel.tr;12916
sinop;sarayd�z�;3684858155;3684858153;sarayduzu@sarayduzu.bel.tr;www.sarayduzu.bel.tr;1246
sinop;t�rkeli;3686712188;3686712217;halildilekozcan@turkeli.bel.tr;www.turkeli.bel.tr;5597
��rnak;beyt���ebap;4863112006;4863112631;beytussebapbel.yavuz@hotmail.com;;5304
��rnak;cizre;4866161714;4866168513;cizrebelediye@hotmail.com;www.cizre.bel.tr;110166
��rnak;g��l�konak;4866813001;4866813158;guclukonakbld@hotmail.com;;3356
��rnak;idil;4865512012;4865512178;idil@idil.bel.tr;www.idil.bel.tr;25633
��rnak;silopi;4865181008;4865182020;info@silopi.bel.tr;www.silopi.bel.tr;85350
��rnak;uludere;4863512007;4863512873;uluderebelediyesi@hotmail.com;www.uludere.bel.tr;6726
sivas;ak�nc�lar;3463615577;3463615566;yasaraga58@hotmail.com;www.sivasakincilar.bel.tr;2659
sivas;alt�nyayla;3466812004;3466812042;;;3850
sivas;divri�i;3464181113;3464181002;divrigi_bel58@hotmail.com;www.divrigi.bel.tr;10530
sivas;do�an�ar;3468812027;3468812144;bilgi@dogansar.bel.tr;www.dogansar.bel.tr;1448
sivas;gemerek;3466141007;3466141220;info@gemerek.bel.tr;www.gemerek.bel.tr;11811
sivas;g�lova;3463812009;3463812198;baskan@golova.bel.tr;www.golova.bel.tr;1432
sivas;g�r�n;3467151013;3467151770;info@gurun.bel.tr;www.gurun.bel.tr;11107
sivas;hafik;3468412054;3468412213;;www.hafik.bel.tr;2882
sivas;imranl�;3468612007;3468612633;;www.imranli.bel.tr;3390
sivas;kangal;3464571098;3464572400;kangalbelediyesi@hotmail.com;;9868
sivas;koyulhisar;3463413019;3463413138;;www.koyulhisar.bel.tr;5100
sivas;su�ehri;3463114460;3463114006;yaziisleri@susehri.bel.tr;www.susehri.bel.tr;14544
sivas;�ark��la;3465121017;3465121017;sarkislabelediyesi@hotmail.com;www.sarkisla.bel.tr;21181
sivas;ula�;3467812006;3467812495;;;3849
sivas;y�ld�zeli;3467512887;3467512078;info@yildizeli.bel.tr;yildizeli.bel.tr;8875
sivas;zara;3468161022;3468161668;zara@zara.gov.bel.tr;www.zara.bel.tr;11931
tekirda�;�erkezk�y;2827265019;2827268059;baskan@cerkezkoy.bel.tr;www.cerkezkoy.bel.tr;113134
tekirda�;kapakl�;2827171100;2827171116;yazi@kapakli.bel.tr;www.kapakli.bel.tr;85898
tekirda�;�orlu;2826847500;2826847563;info@corlu.bel.tr;www.corlu.bel.tr;225540
tekirda�;hayrabolu;2823151049;2823151152;hayrabolu@hayrabolu.bel.tr;www.hayrabolu.bel.tr;33839
tekirda�;malkara;2824271033;2824271640;yazi@malkara.bel.tr;www.malkarabelediyesi.com;53293
tekirda�;marmara ere�lisi;2826131250;2826131311;mereglibld@hotmail.com;www.marmaraereglisi.bel.tr;22816
tekirda�;muratl�;2823612313;2823612314;yaziisleri@muratli.bel.tr;www.muratli.bel.tr;26764
tekirda�;saray;2827681005;2827680055;bilgi@saray.bel.tr;www.saray.bel.tr;47171
tekirda�;�ark�y;2825181021;2825181052;sarkoybld@hotmail.com;www.sarkoy.bel.tr;29994
tekirda�;ergene;;;;;56787
tekirda�;s�leymanpa�a;;;;;179239
tokat;almu�;3564113129;3564113018;almu�belediyesi@msn.com;www.almu�.bel.tr;4969
tokat;artova;3566112011;3566112449;altovabl@hotmail.com;;3257
tokat;ba��iftlik;3564512082;3564512055;basciflikbelediyesi@gmail.com;www.basciflik.bel.tr;3369
tokat;erbaa;3567157335;3567151147;erbaa@erbaa.bel.tr;www.erbaa.bel.tr;60742
tokat;niksar;3565278151;3565276370;mali.hizmetler@nikser.bel.tr;www.nikser.bel.tr;31978
tokat;pazar;3562612015;3562612023;tokatpazarbelediyesi@mynet.com;www.tokatpazar.bel.tr;4841
tokat;re�adiye;3564613028;3564614438;belediye@resadiye.bel.tr;www.resadiye.bel.tr;9260
tokat;sulusaray;3566516080;3566516085;sebastapolis.ttnet.net.tr;www.sulusaray60.bel.tr;3409
tokat;turhal;3562754336;3562761156;turhalbelediye@turhal.bel.tr;www.turhal.bel.tr;62596
tokat;ye�ilyurt;3566312169;3566312278;yesiyurtbel60@mynet.com;www.yesilyurt.bel.tr;5249
tokat;zile;3563175080;3563171389;zilebelediyesi@gmail.com;www.zile.bel.tr;34708
trabzon;ak�aabat;4622271300;4622271311;akcaabat@akcaabat.bel.tr;www.akcaabat.bel.tr;113917
trabzon;arakl�;4627216072;4627216077;;www.arakli.bel.tr;48489
trabzon;arsin;4627113025;4627114160;basin@arsin.bel.tr;www.arsin.bel.tr;27927
trabzon;be�ikd�z�;4628713096;4628713011;info@besikduzu.bel.tr;www.besikduzu.bel.tr;21826
trabzon;�ar��ba��;4628213004;4628213043;carsibasibel@hotmail.com;www.carsibasi.bel.tr;15742
trabzon;�aykara;4626161029;4626161468;info@caykara.bel.tr;www.caykara.bel.tr;14384
trabzon;dernekpazar�;4626812112;4626812780;;www.dernekpazari.bel.tr;3859
trabzon;d�zk�y;4628112666;4628112240;;www.duzkoy.bel.tr;14804
trabzon;hayrat;4626913058;4626913253;bilgi@hayrat.bel.tr;www.hayrat.bel.tr;7446
trabzon;k�pr�ba��;4626714008;4626714482;koprubasi61@mynet.com;www.koprubasibelediyesi.biz;5212
trabzon;ma�ka;4625121006;4625122056;info@macka.bel.tr;www.macka.bel.tr;24971
trabzon;s�rmene;4627461065;4627461067;surmenebelediyesi@hotmail.com;surmenebelediyesi;26493
trabzon;�alpazar�;4628912018;4628913535;bilgi@salpazari.bel.tr;www.salpazari.bel.tr;11546
trabzon;tonya;4628813010;4628813036;tonyabelediyesi@hotmail.com;www.tonya.bel.tr;15620
trabzon;vakf�kebir;4628415008;4628412463;info@vakfikebir.bel.tr;www.vakfikebir.bel.tr;26320
trabzon;yomra;4623411133;4623412753;yomrabelediyesi@hotmail.com;www.yomra.bel.tr;31746
trabzon;ortahisar;;;;;306286
trabzon;of.;;;;;41461
tunceli;�emi�gezek;4286112132;4286112808;iletisim@cemisgezek.bel.tr;www.cemisgezek.bel.tr;3130
tunceli;hozat;4285612010;4285612510;hozatbelediyesi@gmail.com;www.hozat.bel.tr;4559
tunceli;mazgirt;4283112009;4283112061;;;1650
tunceli;naz�miye;4284112019;4284112462;nazmybel@hotmail.com;www.nazimiye.bel.tr;1635
tunceli;ovac�k;4285112012;4285112171;ovaciktuncelibelediyesi@gmail.com;www.tunceliovacik.bel.tr;3316
tunceli;pertek;4286512060;4286512445;info@pertek.bel.tr;www.pertek.bel.tr;6568
tunceli;p�l�m�r;4284412019;4284412232;pulumur-belediyesi@hotmail.com;;1483
u�ak;banaz;2763151035;2763152737;banazbelediyesi64@hotmail.com;www.banaz.bel.tr;15781
u�ak;e�me;2764141146;2764141191;baskan@esme.bel.tr;www.esme.bel.tr;14331
u�ak;karahall�;2765171229;2765171210;karahallibld@hotmail.com;www.karahalli.com;4450
u�ak;sivasl�;2766181156;2766182111;sivaslibel-tr@hotmail.com;www.sivasli.bel.tr;6792
u�ak;ulubey;2767161020;2767162522;ulubeybelediyesi@hotmail.com;www.ulubeybelediye.com;5065
van;bah�esaray;4327512161;4327512175;;;16819
van;ba�kale;4326512034;4326513244;baskalebelediye@hotmail.com;www.baskale.bel.tr.;58963
van;�ald�ran;4324122234;4324122294;;www.caldiran.bel.tr;66624
van;�atak;4325123008;4325123029;catakbelediyesi@mynet.com;;23440
van;edremit;4323122005;4323122454;edremit-vanbelediyesi@hotmail.com;www.edremit.bel.tr;105506
van;erci�;4323516218;4323542255;ercisbelediyesi@ercis.bel.tr;www.ercis.bel.tr;170124
van;geva�;4326122286;4326123286;gevas.bel.tr@hotmail.com;www.gevas.bel.tr;29655
van;g�rp�nar;4325512016;4325512206;suatatan@van-gurpinar.bel.tr;www.van-gurpinar.bel.tr;38811
van;muradiye;4324512016;4324512793;;www.vanmuradiye.bel.tr;51340
van;�zalp;4327122025;4327122074;ozalp@ozalp.bel.tr;www.ozalp.bel.tr;73013
van;saray;4327812049;4327812049;saraybelediyesi1987@hotmail.com;;22793
van;ipekyolu;;;;;274902
van;tu�ba;;;;;138123
yalova;alt�nova;2264613212;2264612942;altinova@altinova.bel.tr.;www.altinova.bel.tr;4546
yalova;armutlu;2265314205;2265310818;armutlubelediyebsk@hotmail.com;www.armutlu.bel.tr;5961
yalova;��narc�k;2262451004;2262459507;halklailiskiler@cinarcik.bel.tr;cinarcik.bel.tr;13004
yalova;�iftlikk�y;2263526010;2263527940;baskan@yalovaciftlikkoy.bel.tr;www.yalovaciftlikkoy.bel.tr;23858
yalova;termal;2266757079;2266757336;info@termal.bel.tr;termal.bel.tr;2910
yozgat;akda�madeni;3543141245;3543141245;akdagbelediye6601@hotmail.com;www.akdagmadeni.bel.tr;24152
yozgat;ayd�nc�k;3544871055;3544871333;aydincikbelediyesi1967@hotmail.com;;3041
yozgat;bo�azl�yan;3546452000;3546452258;belediye@bogazliyan.bel.tr;www.bogazzliyan.bel.tr;16198
yozgat;�and�r;3547161019;3547161653;candir.bel.tr;;3754
yozgat;�ay�ralan;3547361122;3547361184;cayiralanbelediyesi@mynet.com;;5788
yozgat;�ekerek;3544681033;3544682068;info@cekerek.bel.tr;www.cekerek.bel.tr;10736
yozgat;kad��ehri;3543754003;3543754056;kadisehribelediyesi@gmail.com;www.kadisehri.bel.tr;4524
yozgat;saraykent;3543686004;3543686445;saraykent66@ttmail.com;;6305
yozgat;sar�kaya;3547721849;90354772185;sarikaya@sarikaya.bel.tr;www.sarikayabelediyesi.com;19134
yozgat;sorgun;3544151236;3544153425;sorgun@sorgun.bel.tr;www.sorgun.bel.tr;50468
yozgat;�efaatli;3545641510;3545641513;sefatlibld@mynet.com;www.sefaatli.bel.tr;9289
yozgat;yenifak�l�;3546121009;3546121830;yenifakilibelediyesi@mynet.com;;2799
yozgat;yerk�y;3545167000;3545164314;;;29042
zonguldak;kozlu;3722661301;3722661003;kozlubld@hotmail.com;;36727
zonguldak;alapl�;3723781048;3723781556;info@alapli.bel.tr;www.alapli.bel.tr;18938
zonguldak;�aycuma;3726154944;3726152509;caycumabel@ttmail.com;www.caycuma.bel.tr;26032
zonguldak;devrek;3725561017;3725566036;devrek@devrek.bel.tr;wwww.devrek.bel.tr;24213
zonguldak;ere�li;3723331167;3723232849;kdzeregli@kdzeregli.bel.tr;www.kdzeregli.bel.tr;111449
zonguldak;g�k�ebey;3725121083;3725122515;gokcebeybelediyesi@hotmail.com;www.gokcebey.bel.tr;7242
